employee_id,job_title,experience_level,years_experience,work_setting,company_location,company_size,primary_skill,salary_in_usd,equity_grant_usd,total_compensation,work_life_balance_rating,career_growth_rating
EMP-50000,Data Scientist,Senior,8.0,Hybrid,India,Medium (50-250),Python & SQL,98137,12674,110811,3.3,3.2
EMP-50001,Product Manager,Senior,8.4,In-Office,United States,Medium (50-250),R & Statistics,181049,50039,231088,3.7,4.6
EMP-50002,Software Engineer,Senior,10.3,Fully Remote,United States,Small (<50),Java & Spring,191516,79816,271332,4.2,4.2
EMP-50003,Data Engineer,Lead / Principal,12.0,Fully Remote,Germany,Medium (50-250),Java & Spring,158452,58722,217174,2.5,4.0
EMP-50004,ML Engineer,Mid-Level,5.6,Hybrid,United States,Medium (50-250),PyTorch / TensorFlow,207287,87211,294498,2.4,4.5
EMP-50005,ML Engineer,Entry-Level,1.2,In-Office,France,Large (250+),Python & SQL,134563,0,134563,3.2,3.6
EMP-50006,AI Research Scientist,Lead / Principal,14.7,Fully Remote,Germany,Small (<50),PyTorch / TensorFlow,203592,53743,257335,3.1,3.5
EMP-50007,DevOps Engineer,Mid-Level,5.5,Fully Remote,Singapore,Medium (50-250),AWS / Cloud,152172,0,152172,4.6,3.6
EMP-50008,Data Engineer,Senior,6.9,Hybrid,United States,Large (250+),Python & SQL,199996,33510,233506,2.7,4.2
EMP-50009,Cloud Architect,Lead / Principal,12.6,In-Office,India,Large (250+),AWS / Cloud,122419,27890,150309,2.7,3.7
EMP-50010,AI Research Scientist,Entry-Level,1.3,In-Office,United States,Large (250+),PyTorch / TensorFlow,187684,37051,224735,4.2,3.8
EMP-50011,BI Analyst,Lead / Principal,14.2,In-Office,France,Large (250+),Python & SQL,133536,0,133536,2.6,3.8
EMP-50012,Software Engineer,Mid-Level,4.6,Fully Remote,United States,Large (250+),AWS / Cloud,206503,0,206503,2.7,3.8
EMP-50013,ML Engineer,Mid-Level,4.9,Fully Remote,United Kingdom,Medium (50-250),PyTorch / TensorFlow,141797,0,141797,3.9,3.8
EMP-50014,ML Engineer,Senior,7.0,Hybrid,Canada,Medium (50-250),PyTorch / TensorFlow,156158,27953,184111,3.1,3.7
EMP-50015,ML Engineer,Lead / Principal,11.3,In-Office,United States,Small (<50),PyTorch / TensorFlow,201990,51724,253714,1.2,2.8
EMP-50016,Data Scientist,Entry-Level,1.1,Fully Remote,United Kingdom,Small (<50),Python & SQL,104204,41935,146139,3.7,3.1
EMP-50017,Data Engineer,Mid-Level,4.0,Fully Remote,France,Medium (50-250),Python & SQL,109609,15243,124852,2.9,4.0
EMP-50018,Data Scientist,Senior,8.8,Hybrid,United States,Small (<50),Python & SQL,182425,73025,255450,2.4,3.5
EMP-50019,Data Scientist,Senior,10.3,Fully Remote,United Kingdom,Medium (50-250),Python & SQL,157994,30934,188928,4.2,4.3
EMP-50020,Data Engineer,Senior,9.3,Fully Remote,United States,Small (<50),R & Statistics,205950,0,205950,3.3,3.3
EMP-50021,ML Engineer,Entry-Level,1.9,Hybrid,India,Small (<50),PyTorch / TensorFlow,62526,0,62526,4.3,3.2
EMP-50022,Data Scientist,Mid-Level,5.9,Hybrid,Germany,Large (250+),R & Statistics,106745,26780,133525,3.0,2.9
EMP-50023,Data Scientist,Mid-Level,5.2,Hybrid,United States,Small (<50),Python & SQL,166036,0,166036,3.3,3.0
EMP-50024,Data Scientist,Senior,10.7,Fully Remote,United States,Large (250+),Python & SQL,217889,0,217889,4.8,4.6
EMP-50025,Software Engineer,Mid-Level,4.6,Hybrid,United Kingdom,Small (<50),Python & SQL,110581,0,110581,2.6,4.5
EMP-50026,ML Engineer,Mid-Level,3.8,Hybrid,United States,Large (250+),PyTorch / TensorFlow,204486,28870,233356,2.0,3.8
EMP-50027,Data Engineer,Lead / Principal,10.3,Hybrid,United States,Large (250+),R & Statistics,245737,82501,328238,3.8,4.3
EMP-50028,Data Engineer,Entry-Level,2.5,Hybrid,Germany,Medium (50-250),PyTorch / TensorFlow,94191,0,94191,3.7,4.5
EMP-50029,AI Research Scientist,Executive,15.0,Fully Remote,United States,Medium (50-250),PyTorch / TensorFlow,290696,0,290696,5.0,4.1
EMP-50030,Data Engineer,Senior,7.5,Fully Remote,United States,Small (<50),R & Statistics,142953,38722,181675,4.4,3.8
EMP-50031,ML Engineer,Senior,8.7,Fully Remote,Germany,Large (250+),PyTorch / TensorFlow,165618,70716,236334,3.5,4.1
EMP-50032,AI Research Scientist,Mid-Level,4.7,Fully Remote,United States,Large (250+),PyTorch / TensorFlow,227676,38105,265781,4.2,4.0
EMP-50033,Product Manager,Entry-Level,2.2,Hybrid,United States,Large (250+),Python & SQL,179393,78938,258331,3.0,3.1
EMP-50034,BI Analyst,Senior,6.8,In-Office,United States,Medium (50-250),Python & SQL,135689,0,135689,2.5,3.6
EMP-50035,Software Engineer,Senior,7.9,Hybrid,United Kingdom,Medium (50-250),R & Statistics,127100,38407,165507,3.2,4.3
EMP-50036,Data Scientist,Senior,9.1,Hybrid,Germany,Large (250+),R & Statistics,148636,56986,205622,4.5,3.0
EMP-50037,AI Research Scientist,Entry-Level,2.9,Fully Remote,Canada,Medium (50-250),PyTorch / TensorFlow,159070,48344,207414,4.1,3.8
EMP-50038,Cloud Architect,Senior,9.6,Fully Remote,United States,Medium (50-250),AWS / Cloud,208719,0,208719,4.8,3.7
EMP-50039,Data Scientist,Senior,10.6,Fully Remote,United States,Small (<50),R & Statistics,172984,68050,241034,3.2,3.4
EMP-50040,ML Engineer,Senior,9.8,Fully Remote,United States,Large (250+),PyTorch / TensorFlow,255346,62120,317466,3.6,4.2
EMP-50041,Data Engineer,Senior,9.0,Fully Remote,United States,Small (<50),Kubernetes / Go,175441,27014,202455,4.0,3.6
EMP-50042,AI Research Scientist,Senior,7.0,Hybrid,Singapore,Medium (50-250),PyTorch / TensorFlow,181082,65141,246223,3.9,3.9
EMP-50043,DevOps Engineer,Senior,9.3,In-Office,United States,Medium (50-250),AWS / Cloud,193236,0,193236,3.7,4.3
EMP-50044,ML Engineer,Entry-Level,2.2,Fully Remote,United States,Large (250+),Python & SQL,180259,0,180259,4.6,4.1
EMP-50045,Cloud Architect,Mid-Level,4.8,Fully Remote,United States,Medium (50-250),AWS / Cloud,173589,77480,251069,3.4,2.8
EMP-50046,Data Scientist,Entry-Level,2.0,Hybrid,United Kingdom,Medium (50-250),R & Statistics,105828,0,105828,3.5,3.9
EMP-50047,Data Engineer,Mid-Level,4.6,Fully Remote,Germany,Small (<50),AWS / Cloud,112797,20484,133281,4.8,4.0
EMP-50048,Data Engineer,Mid-Level,4.0,In-Office,Germany,Large (250+),Java & Spring,132664,0,132664,3.5,3.2
EMP-50049,ML Engineer,Entry-Level,2.0,Hybrid,India,Large (250+),PyTorch / TensorFlow,78746,0,78746,3.5,4.9
EMP-50050,BI Analyst,Mid-Level,3.6,In-Office,United Kingdom,Large (250+),Python & SQL,93760,32541,126301,2.1,4.2
EMP-50051,Software Engineer,Entry-Level,2.6,Fully Remote,United States,Medium (50-250),AWS / Cloud,159373,47409,206782,3.2,5.0
EMP-50052,Product Manager,Senior,6.9,Hybrid,United States,Large (250+),Java & Spring,201715,67557,269272,2.9,4.0
EMP-50053,DevOps Engineer,Lead / Principal,10.5,Hybrid,Germany,Medium (50-250),AWS / Cloud,160027,0,160027,3.8,3.5
EMP-50054,Data Engineer,Entry-Level,1.9,Hybrid,Germany,Medium (50-250),Python & SQL,112495,18604,131099,3.3,3.3
EMP-50055,Product Manager,Lead / Principal,13.9,Hybrid,United Kingdom,Medium (50-250),PyTorch / TensorFlow,181987,59228,241215,3.6,4.2
EMP-50056,AI Research Scientist,Mid-Level,4.3,Fully Remote,Germany,Medium (50-250),PyTorch / TensorFlow,150598,0,150598,4.2,3.8
EMP-50057,ML Engineer,Mid-Level,3.8,Hybrid,Germany,Large (250+),PyTorch / TensorFlow,155261,29206,184467,2.9,4.3
EMP-50058,AI Research Scientist,Entry-Level,2.1,Hybrid,Australia,Medium (50-250),PyTorch / TensorFlow,136288,0,136288,2.6,4.3
EMP-50059,Data Scientist,Mid-Level,4.0,Hybrid,United Kingdom,Medium (50-250),Python & SQL,140432,55565,195997,3.3,3.7
EMP-50060,Data Scientist,Senior,10.7,Hybrid,Canada,Medium (50-250),R & Statistics,154885,32293,187178,4.0,4.4
EMP-50061,ML Engineer,Senior,10.6,Hybrid,United States,Small (<50),Python & SQL,212253,72632,284885,3.1,3.0
EMP-50062,Software Engineer,Entry-Level,2.0,Fully Remote,Germany,Medium (50-250),Python & SQL,84084,28609,112693,3.6,3.1
EMP-50063,Data Scientist,Entry-Level,1.7,Hybrid,Australia,Medium (50-250),Python & SQL,122029,0,122029,3.5,3.3
EMP-50064,Data Scientist,Mid-Level,5.2,Hybrid,United States,Small (<50),Python & SQL,151406,61789,213195,3.9,3.5
EMP-50065,Data Engineer,Mid-Level,3.1,In-Office,Canada,Medium (50-250),AWS / Cloud,144330,41852,186182,3.2,3.8
EMP-50066,ML Engineer,Mid-Level,4.4,In-Office,Canada,Medium (50-250),PyTorch / TensorFlow,185015,0,185015,3.6,2.4
EMP-50067,Software Engineer,Mid-Level,4.0,Fully Remote,United States,Large (250+),Python & SQL,173212,39080,212292,5.0,3.5
EMP-50068,AI Research Scientist,Senior,10.6,In-Office,United Kingdom,Medium (50-250),PyTorch / TensorFlow,186420,78644,265064,2.9,3.3
EMP-50069,BI Analyst,Lead / Principal,10.1,Fully Remote,United States,Large (250+),R & Statistics,177912,0,177912,4.7,2.7
EMP-50070,Software Engineer,Mid-Level,4.7,Fully Remote,Singapore,Large (250+),Python & SQL,136195,0,136195,3.9,3.1
EMP-50071,ML Engineer,Lead / Principal,14.4,Hybrid,India,Large (250+),Python & SQL,119606,34838,154444,3.6,2.9
EMP-50072,AI Research Scientist,Mid-Level,4.5,Fully Remote,United States,Medium (50-250),PyTorch / TensorFlow,218599,0,218599,2.9,3.9
EMP-50073,Software Engineer,Mid-Level,3.3,Hybrid,United States,Medium (50-250),AWS / Cloud,158079,34800,192879,4.6,3.9
EMP-50074,Cloud Architect,Mid-Level,5.9,Fully Remote,United Kingdom,Large (250+),AWS / Cloud,179046,0,179046,3.3,3.3
EMP-50075,Cloud Architect,Senior,8.6,Fully Remote,United States,Medium (50-250),Kubernetes / Go,204004,50821,254825,4.5,3.8
EMP-50076,Software Engineer,Executive,18.9,Hybrid,United States,Small (<50),AWS / Cloud,241950,71487,313437,2.4,3.3
EMP-50077,AI Research Scientist,Senior,7.2,Hybrid,United Kingdom,Medium (50-250),PyTorch / TensorFlow,163676,67580,231256,2.7,3.7
EMP-50078,Data Scientist,Mid-Level,4.5,In-Office,United States,Small (<50),Python & SQL,146630,0,146630,2.9,4.4
EMP-50079,ML Engineer,Senior,8.1,Hybrid,United States,Large (250+),Python & SQL,230662,33596,264258,3.5,4.9
EMP-50080,DevOps Engineer,Entry-Level,1.1,Hybrid,India,Medium (50-250),Kubernetes / Go,47352,0,47352,3.3,3.5
EMP-50081,Data Engineer,Lead / Principal,10.6,Fully Remote,Australia,Medium (50-250),Kubernetes / Go,174267,0,174267,4.4,3.8
EMP-50082,Data Scientist,Mid-Level,5.5,Fully Remote,Canada,Medium (50-250),Python & SQL,152029,0,152029,4.9,4.0
EMP-50083,AI Research Scientist,Mid-Level,3.7,Fully Remote,India,Medium (50-250),Python & SQL,84720,0,84720,3.3,3.4
EMP-50084,Data Scientist,Senior,7.0,Hybrid,United States,Small (<50),Python & SQL,179035,0,179035,2.9,3.6
EMP-50085,Data Scientist,Senior,8.5,Hybrid,United States,Medium (50-250),R & Statistics,207118,74302,281420,2.9,3.1
EMP-50086,Cloud Architect,Entry-Level,2.5,Fully Remote,United States,Large (250+),AWS / Cloud,172825,0,172825,3.8,3.6
EMP-50087,Cloud Architect,Senior,6.3,Hybrid,Canada,Medium (50-250),Kubernetes / Go,158094,0,158094,3.1,3.8
EMP-50088,DevOps Engineer,Mid-Level,4.7,Hybrid,Singapore,Large (250+),Kubernetes / Go,137718,0,137718,4.0,3.7
EMP-50089,Data Scientist,Senior,6.6,Fully Remote,Canada,Medium (50-250),Python & SQL,136774,37591,174365,3.7,4.2
EMP-50090,ML Engineer,Senior,6.2,Fully Remote,Australia,Medium (50-250),PyTorch / TensorFlow,184134,0,184134,4.1,3.2
EMP-50091,Cloud Architect,Senior,6.3,In-Office,Germany,Small (<50),AWS / Cloud,129841,40650,170491,2.4,4.9
EMP-50092,Software Engineer,Senior,10.2,Hybrid,United States,Medium (50-250),Python & SQL,191451,63150,254601,2.8,3.8
EMP-50093,Data Engineer,Mid-Level,3.4,In-Office,United States,Large (250+),R & Statistics,178076,0,178076,3.3,3.3
EMP-50094,Software Engineer,Entry-Level,1.1,Fully Remote,United States,Large (250+),AWS / Cloud,149014,0,149014,4.1,5.0
EMP-50095,Data Engineer,Senior,8.2,In-Office,United States,Medium (50-250),PyTorch / TensorFlow,214596,41739,256335,1.7,4.9
EMP-50096,Data Engineer,Mid-Level,5.5,Fully Remote,Germany,Medium (50-250),Kubernetes / Go,104854,0,104854,2.9,4.0
EMP-50097,Data Scientist,Mid-Level,3.8,Fully Remote,United States,Large (250+),Python & SQL,183803,0,183803,4.5,2.7
EMP-50098,AI Research Scientist,Mid-Level,4.3,In-Office,United Kingdom,Medium (50-250),Python & SQL,155084,0,155084,2.6,3.1
EMP-50099,ML Engineer,Entry-Level,1.1,Fully Remote,United Kingdom,Small (<50),PyTorch / TensorFlow,136267,40591,176858,4.2,4.1
EMP-50100,AI Research Scientist,Senior,8.2,Hybrid,United States,Large (250+),PyTorch / TensorFlow,231496,0,231496,2.4,4.0
EMP-50101,Cloud Architect,Entry-Level,2.2,Fully Remote,United Kingdom,Medium (50-250),AWS / Cloud,135371,20326,155697,4.3,3.2
EMP-50102,Data Scientist,Senior,8.9,Hybrid,United Kingdom,Large (250+),R & Statistics,168733,40217,208950,2.7,3.3
EMP-50103,Data Engineer,Mid-Level,4.0,In-Office,United States,Medium (50-250),Python & SQL,150998,20893,171891,4.0,3.6
EMP-50104,DevOps Engineer,Entry-Level,1.6,Fully Remote,India,Large (250+),AWS / Cloud,52053,0,52053,3.8,3.6
EMP-50105,ML Engineer,Mid-Level,3.3,Hybrid,United States,Medium (50-250),PyTorch / TensorFlow,188538,61797,250335,2.5,3.1
EMP-50106,Data Scientist,Entry-Level,1.7,Fully Remote,United Kingdom,Medium (50-250),Python & SQL,118683,52817,171500,2.9,3.0
EMP-50107,Software Engineer,Mid-Level,3.3,Hybrid,Australia,Medium (50-250),Java & Spring,133558,42086,175644,3.7,3.1
EMP-50108,ML Engineer,Senior,9.8,Fully Remote,India,Medium (50-250),Python & SQL,87092,24571,111663,3.8,4.3
EMP-50109,AI Research Scientist,Entry-Level,2.9,Fully Remote,Australia,Small (<50),PyTorch / TensorFlow,169525,0,169525,3.6,3.1
EMP-50110,Data Scientist,Senior,10.9,Fully Remote,United States,Medium (50-250),Python & SQL,184498,56487,240985,2.7,4.6
EMP-50111,ML Engineer,Entry-Level,2.7,Fully Remote,United States,Small (<50),Python & SQL,153705,19185,172890,3.8,3.3
EMP-50112,Product Manager,Mid-Level,4.8,In-Office,United States,Large (250+),Python & SQL,175894,64321,240215,4.4,2.9
EMP-50113,Software Engineer,Senior,9.5,Fully Remote,United States,Medium (50-250),R & Statistics,177156,54936,232092,4.4,3.2
EMP-50114,Cloud Architect,Mid-Level,3.9,Fully Remote,Australia,Small (<50),Kubernetes / Go,128701,44972,173673,2.5,3.5
EMP-50115,DevOps Engineer,Entry-Level,2.3,Hybrid,Germany,Small (<50),Kubernetes / Go,121599,0,121599,3.3,3.3
EMP-50116,Software Engineer,Mid-Level,4.4,Fully Remote,United States,Small (<50),AWS / Cloud,142204,59486,201690,4.4,4.3
EMP-50117,ML Engineer,Mid-Level,4.4,Hybrid,United States,Medium (50-250),PyTorch / TensorFlow,187290,0,187290,3.5,4.2
EMP-50118,DevOps Engineer,Senior,9.8,In-Office,United States,Small (<50),Kubernetes / Go,178549,58906,237455,3.5,3.2
EMP-50119,Data Engineer,Mid-Level,3.8,Hybrid,Germany,Large (250+),Python & SQL,133422,0,133422,3.5,3.6
EMP-50120,Software Engineer,Senior,7.6,In-Office,Canada,Small (<50),Python & SQL,136579,61305,197884,3.8,3.9
EMP-50121,DevOps Engineer,Lead / Principal,15.5,Hybrid,India,Medium (50-250),Kubernetes / Go,83284,19792,103076,4.0,3.3
EMP-50122,Data Scientist,Mid-Level,3.2,Fully Remote,Singapore,Large (250+),Python & SQL,124770,0,124770,3.2,3.9
EMP-50123,ML Engineer,Lead / Principal,12.9,Hybrid,United States,Large (250+),PyTorch / TensorFlow,270796,47997,318793,3.6,4.2
EMP-50124,ML Engineer,Mid-Level,5.7,Hybrid,United States,Small (<50),Python & SQL,187820,0,187820,2.4,4.1
EMP-50125,Data Scientist,Lead / Principal,13.7,Hybrid,United States,Large (250+),R & Statistics,230918,79357,310275,2.9,3.1
EMP-50126,Software Engineer,Entry-Level,2.1,In-Office,United States,Medium (50-250),Kubernetes / Go,166099,55226,221325,3.7,4.7
EMP-50127,DevOps Engineer,Senior,7.2,Hybrid,Australia,Large (250+),AWS / Cloud,147313,62957,210270,3.5,4.0
EMP-50128,AI Research Scientist,Mid-Level,4.0,In-Office,United Kingdom,Medium (50-250),PyTorch / TensorFlow,145708,29753,175461,3.4,3.5
EMP-50129,Data Engineer,Mid-Level,5.6,Hybrid,Canada,Medium (50-250),Python & SQL,143915,0,143915,2.1,3.7
EMP-50130,Data Scientist,Senior,8.8,Hybrid,United Kingdom,Large (250+),Python & SQL,166685,36932,203617,3.5,3.6
EMP-50131,ML Engineer,Senior,8.6,Hybrid,United States,Medium (50-250),PyTorch / TensorFlow,200630,43879,244509,3.5,2.5
EMP-50132,ML Engineer,Entry-Level,1.2,Fully Remote,United States,Medium (50-250),PyTorch / TensorFlow,165594,31181,196775,5.0,4.0
EMP-50133,Data Scientist,Entry-Level,1.0,In-Office,United Kingdom,Medium (50-250),R & Statistics,106190,26935,133125,3.3,4.0
EMP-50134,Product Manager,Senior,10.8,Hybrid,Canada,Small (<50),Python & SQL,137973,29472,167445,3.2,3.7
EMP-50135,Data Scientist,Senior,7.9,Fully Remote,United States,Small (<50),R & Statistics,164454,26833,191287,4.2,3.0
EMP-50136,Data Engineer,Lead / Principal,13.6,Fully Remote,Canada,Small (<50),AWS / Cloud,174969,0,174969,2.3,4.5
EMP-50137,Cloud Architect,Senior,6.4,Hybrid,India,Medium (50-250),AWS / Cloud,82371,16219,98590,3.8,3.9
EMP-50138,Data Scientist,Lead / Principal,14.1,Fully Remote,United States,Medium (50-250),Python & SQL,214129,37996,252125,3.3,3.5
EMP-50139,BI Analyst,Senior,10.7,Fully Remote,Canada,Medium (50-250),R & Statistics,118453,50526,168979,3.6,3.8
EMP-50140,BI Analyst,Mid-Level,4.7,Hybrid,United States,Small (<50),R & Statistics,105542,31822,137364,4.1,3.9
EMP-50141,ML Engineer,Entry-Level,1.3,Fully Remote,Germany,Medium (50-250),PyTorch / TensorFlow,128703,0,128703,3.6,3.7
EMP-50142,Data Engineer,Senior,8.9,Hybrid,Canada,Large (250+),Kubernetes / Go,173443,19719,193162,3.9,2.9
EMP-50143,Data Scientist,Senior,9.8,Fully Remote,France,Medium (50-250),R & Statistics,136182,25835,162017,4.6,2.4
EMP-50144,Data Scientist,Entry-Level,1.8,Fully Remote,United States,Medium (50-250),Python & SQL,162897,0,162897,4.4,3.5
EMP-50145,AI Research Scientist,Mid-Level,5.6,Hybrid,United States,Large (250+),PyTorch / TensorFlow,230454,34037,264491,3.0,3.2
EMP-50146,Data Engineer,Lead / Principal,13.9,Hybrid,United States,Large (250+),R & Statistics,255048,42481,297529,3.6,2.9
EMP-50147,Data Engineer,Mid-Level,5.7,Fully Remote,United States,Medium (50-250),Kubernetes / Go,198552,0,198552,4.4,2.6
EMP-50148,AI Research Scientist,Mid-Level,4.9,Fully Remote,Germany,Large (250+),PyTorch / TensorFlow,180469,20217,200686,2.8,3.6
EMP-50149,ML Engineer,Mid-Level,3.4,Hybrid,Australia,Medium (50-250),PyTorch / TensorFlow,158098,19458,177556,3.0,4.3
EMP-50150,DevOps Engineer,Mid-Level,3.9,Fully Remote,United States,Large (250+),Kubernetes / Go,177576,31480,209056,4.9,5.0
EMP-50151,ML Engineer,Mid-Level,3.6,Fully Remote,United States,Medium (50-250),Python & SQL,215929,60302,276231,4.5,5.0
EMP-50152,ML Engineer,Mid-Level,5.7,Fully Remote,United States,Medium (50-250),Python & SQL,205398,0,205398,4.1,4.2
EMP-50153,Data Engineer,Entry-Level,2.5,Hybrid,United States,Small (<50),R & Statistics,131825,0,131825,2.9,4.4
EMP-50154,BI Analyst,Senior,9.4,Hybrid,United States,Large (250+),Python & SQL,159234,32178,191412,4.0,2.8
EMP-50155,ML Engineer,Mid-Level,3.9,Hybrid,United States,Medium (50-250),PyTorch / TensorFlow,179360,0,179360,3.1,3.1
EMP-50156,Cloud Architect,Senior,6.9,Hybrid,Canada,Medium (50-250),Kubernetes / Go,161920,53578,215498,3.3,3.4
EMP-50157,Software Engineer,Lead / Principal,14.5,Hybrid,United States,Medium (50-250),Kubernetes / Go,213757,93203,306960,3.5,4.7
EMP-50158,ML Engineer,Mid-Level,4.4,Hybrid,United Kingdom,Large (250+),PyTorch / TensorFlow,171427,0,171427,3.0,4.6
EMP-50159,Cloud Architect,Senior,7.1,Hybrid,Canada,Large (250+),AWS / Cloud,164027,0,164027,4.4,3.9
EMP-50160,Data Scientist,Mid-Level,4.8,Fully Remote,United States,Medium (50-250),R & Statistics,171231,0,171231,4.9,4.0
EMP-50161,Cloud Architect,Lead / Principal,10.2,Hybrid,United Kingdom,Medium (50-250),AWS / Cloud,176217,79095,255312,3.3,3.6
EMP-50162,Cloud Architect,Mid-Level,4.0,Hybrid,Germany,Medium (50-250),AWS / Cloud,131326,0,131326,3.3,3.6
EMP-50163,Data Engineer,Senior,8.3,Hybrid,Germany,Medium (50-250),Python & SQL,141892,62097,203989,3.1,4.2
EMP-50164,AI Research Scientist,Senior,6.7,Fully Remote,United States,Large (250+),PyTorch / TensorFlow,276484,115064,391548,4.3,3.2
EMP-50165,Software Engineer,Mid-Level,6.0,Fully Remote,United States,Small (<50),Java & Spring,152214,0,152214,4.1,3.8
EMP-50166,Data Scientist,Entry-Level,1.4,Hybrid,India,Medium (50-250),Python & SQL,69192,0,69192,2.2,2.1
EMP-50167,ML Engineer,Senior,6.7,Hybrid,Canada,Medium (50-250),PyTorch / TensorFlow,166406,66305,232711,3.3,3.3
EMP-50168,AI Research Scientist,Senior,7.0,In-Office,United States,Medium (50-250),PyTorch / TensorFlow,223855,26024,249879,1.9,2.8
EMP-50169,Data Engineer,Mid-Level,5.3,Fully Remote,United States,Medium (50-250),PyTorch / TensorFlow,172782,77641,250423,2.2,3.3
EMP-50170,Cloud Architect,Senior,8.1,Hybrid,United States,Medium (50-250),Kubernetes / Go,206785,90378,297163,3.4,4.2
EMP-50171,AI Research Scientist,Mid-Level,4.7,Hybrid,United States,Small (<50),PyTorch / TensorFlow,178100,0,178100,2.7,4.1
EMP-50172,Data Engineer,Senior,6.1,In-Office,United Kingdom,Medium (50-250),Python & SQL,142582,62861,205443,2.6,3.6
EMP-50173,ML Engineer,Mid-Level,3.1,Hybrid,United States,Medium (50-250),Python & SQL,162102,52571,214673,3.2,3.1
EMP-50174,Cloud Architect,Lead / Principal,12.7,Hybrid,United States,Small (<50),AWS / Cloud,216695,0,216695,3.3,3.8
EMP-50175,ML Engineer,Mid-Level,5.4,Hybrid,Canada,Small (<50),PyTorch / TensorFlow,142217,0,142217,4.7,4.8
EMP-50176,Cloud Architect,Mid-Level,5.7,Hybrid,United States,Large (250+),AWS / Cloud,217910,44838,262748,2.1,3.2
EMP-50177,Data Scientist,Entry-Level,1.2,In-Office,Canada,Medium (50-250),Python & SQL,110414,0,110414,2.2,4.7
EMP-50178,Product Manager,Entry-Level,2.1,Fully Remote,Canada,Medium (50-250),AWS / Cloud,141198,0,141198,3.6,4.6
EMP-50179,ML Engineer,Mid-Level,5.7,Fully Remote,United States,Large (250+),PyTorch / TensorFlow,216780,0,216780,3.2,3.2
EMP-50180,Data Scientist,Mid-Level,4.2,In-Office,Canada,Medium (50-250),R & Statistics,136823,0,136823,4.2,3.6
EMP-50181,ML Engineer,Senior,10.1,Hybrid,Canada,Medium (50-250),Python & SQL,172003,64862,236865,2.5,4.3
EMP-50182,Product Manager,Entry-Level,1.3,Hybrid,United States,Medium (50-250),Python & SQL,143227,0,143227,2.7,3.3
EMP-50183,DevOps Engineer,Mid-Level,5.8,Hybrid,United States,Medium (50-250),Kubernetes / Go,166427,0,166427,3.3,3.8
EMP-50184,ML Engineer,Mid-Level,5.3,Fully Remote,United Kingdom,Medium (50-250),Python & SQL,148292,0,148292,3.9,4.2
EMP-50185,Cloud Architect,Entry-Level,2.9,Hybrid,Australia,Medium (50-250),Kubernetes / Go,153256,67645,220901,4.0,3.0
EMP-50186,Software Engineer,Entry-Level,2.4,Hybrid,Germany,Large (250+),Kubernetes / Go,122971,33720,156691,3.3,3.8
EMP-50187,Data Engineer,Mid-Level,4.1,Fully Remote,United States,Large (250+),PyTorch / TensorFlow,181932,50342,232274,4.1,3.9
EMP-50188,Data Engineer,Mid-Level,5.8,Fully Remote,Germany,Small (<50),Java & Spring,105307,0,105307,3.0,4.0
EMP-50189,ML Engineer,Mid-Level,3.8,In-Office,United States,Small (<50),Python & SQL,165261,43799,209060,2.2,4.4
EMP-50190,AI Research Scientist,Senior,7.7,Fully Remote,United Kingdom,Medium (50-250),PyTorch / TensorFlow,174320,60524,234844,4.4,4.4
EMP-50191,DevOps Engineer,Senior,9.5,In-Office,Canada,Medium (50-250),AWS / Cloud,161406,0,161406,3.5,3.5
EMP-50192,DevOps Engineer,Entry-Level,2.5,Fully Remote,United Kingdom,Small (<50),Kubernetes / Go,113081,27231,140312,2.6,4.6
EMP-50193,Cloud Architect,Mid-Level,5.8,Hybrid,India,Large (250+),AWS / Cloud,76247,16288,92535,2.7,4.4
EMP-50194,Data Scientist,Lead / Principal,11.2,In-Office,Canada,Medium (50-250),Python & SQL,185566,57739,243305,4.0,4.4
EMP-50195,Data Scientist,Mid-Level,5.4,Hybrid,Germany,Large (250+),R & Statistics,113537,46156,159693,3.9,2.5
EMP-50196,Cloud Architect,Senior,9.7,Fully Remote,United States,Large (250+),AWS / Cloud,242643,31290,273933,4.0,3.8
EMP-50197,DevOps Engineer,Mid-Level,3.2,Hybrid,India,Large (250+),Kubernetes / Go,81081,0,81081,4.0,4.4
EMP-50198,DevOps Engineer,Senior,7.9,Fully Remote,Singapore,Small (<50),Kubernetes / Go,152915,67700,220615,4.6,3.2
EMP-50199,Software Engineer,Senior,7.4,Fully Remote,United States,Medium (50-250),Kubernetes / Go,187717,67127,254844,4.0,3.6
EMP-50200,Cloud Architect,Mid-Level,3.9,In-Office,United Kingdom,Medium (50-250),Kubernetes / Go,133016,0,133016,3.0,4.4
EMP-50201,AI Research Scientist,Executive,21.9,Hybrid,United States,Small (<50),PyTorch / TensorFlow,298604,29878,328482,3.1,4.0
EMP-50202,ML Engineer,Entry-Level,2.3,Hybrid,Canada,Medium (50-250),Python & SQL,146552,55514,202066,2.8,3.4
EMP-50203,DevOps Engineer,Entry-Level,2.4,Fully Remote,Canada,Medium (50-250),Kubernetes / Go,131978,0,131978,3.6,3.6
EMP-50204,Data Engineer,Senior,10.9,Fully Remote,United States,Small (<50),Python & SQL,191115,0,191115,3.8,3.9
EMP-50205,AI Research Scientist,Senior,7.9,Fully Remote,India,Small (<50),PyTorch / TensorFlow,92987,15729,108716,4.0,3.8
EMP-50206,ML Engineer,Entry-Level,2.6,Hybrid,United States,Large (250+),Python & SQL,198616,0,198616,2.5,3.9
EMP-50207,Cloud Architect,Mid-Level,4.3,Hybrid,Canada,Small (<50),AWS / Cloud,135679,30185,165864,3.9,4.2
EMP-50208,AI Research Scientist,Entry-Level,2.7,Hybrid,United States,Small (<50),PyTorch / TensorFlow,166426,0,166426,4.2,3.7
EMP-50209,ML Engineer,Mid-Level,3.5,In-Office,United States,Medium (50-250),Python & SQL,178592,22862,201454,3.6,3.7
EMP-50210,Data Engineer,Senior,10.7,Fully Remote,United States,Large (250+),Kubernetes / Go,236052,93292,329344,3.4,4.1
EMP-50211,Cloud Architect,Mid-Level,3.7,Fully Remote,United States,Medium (50-250),AWS / Cloud,175978,18634,194612,2.9,4.2
EMP-50212,Cloud Architect,Mid-Level,4.0,Fully Remote,Germany,Small (<50),Kubernetes / Go,114865,0,114865,3.7,2.6
EMP-50213,ML Engineer,Mid-Level,5.3,Hybrid,United Kingdom,Medium (50-250),PyTorch / TensorFlow,127014,21678,148692,5.0,2.6
EMP-50214,Cloud Architect,Entry-Level,1.8,Fully Remote,United States,Large (250+),Kubernetes / Go,191590,0,191590,5.0,2.9
EMP-50215,ML Engineer,Mid-Level,4.8,In-Office,United States,Large (250+),PyTorch / TensorFlow,225417,42374,267791,2.5,4.0
EMP-50216,Data Scientist,Senior,8.2,Fully Remote,United States,Medium (50-250),Python & SQL,184369,81284,265653,2.0,3.8
EMP-50217,Software Engineer,Executive,19.9,In-Office,Canada,Medium (50-250),Kubernetes / Go,215863,54103,269966,3.8,3.4
EMP-50218,Cloud Architect,Senior,7.1,Hybrid,Canada,Medium (50-250),AWS / Cloud,138150,42367,180517,3.6,3.2
EMP-50219,Software Engineer,Entry-Level,1.1,In-Office,United States,Small (<50),R & Statistics,115490,0,115490,1.9,4.6
EMP-50220,Cloud Architect,Lead / Principal,11.8,Hybrid,United Kingdom,Medium (50-250),Kubernetes / Go,178273,39352,217625,3.6,3.1
EMP-50221,Data Engineer,Senior,8.4,In-Office,United States,Large (250+),PyTorch / TensorFlow,204125,57662,261787,4.1,3.8
EMP-50222,AI Research Scientist,Senior,6.8,Fully Remote,Australia,Large (250+),PyTorch / TensorFlow,228719,59247,287966,3.5,4.2
EMP-50223,Data Scientist,Mid-Level,4.1,Hybrid,Australia,Medium (50-250),R & Statistics,136472,0,136472,2.8,3.0
EMP-50224,ML Engineer,Mid-Level,4.2,In-Office,Germany,Small (<50),PyTorch / TensorFlow,125378,0,125378,2.8,2.9
EMP-50225,ML Engineer,Mid-Level,3.2,Fully Remote,Australia,Medium (50-250),PyTorch / TensorFlow,152077,58852,210929,3.8,5.0
EMP-50226,BI Analyst,Entry-Level,2.2,Fully Remote,India,Large (250+),Python & SQL,42269,0,42269,4.1,3.3
EMP-50227,Data Scientist,Mid-Level,5.7,Hybrid,India,Large (250+),Python & SQL,74474,27848,102322,2.2,3.0
EMP-50228,DevOps Engineer,Mid-Level,3.5,In-Office,United Kingdom,Small (<50),Kubernetes / Go,113704,0,113704,5.0,3.2
EMP-50229,Cloud Architect,Mid-Level,4.8,Hybrid,United States,Medium (50-250),AWS / Cloud,182953,0,182953,4.0,3.8
EMP-50230,Software Engineer,Senior,9.3,Hybrid,United States,Medium (50-250),Kubernetes / Go,200191,70784,270975,3.3,2.4
EMP-50231,Data Engineer,Mid-Level,4.3,Fully Remote,United States,Medium (50-250),Python & SQL,158834,0,158834,3.8,2.9
EMP-50232,Data Engineer,Entry-Level,2.4,Fully Remote,Germany,Large (250+),Python & SQL,135910,41211,177121,3.9,2.5
EMP-50233,Data Engineer,Lead / Principal,12.5,Hybrid,United States,Medium (50-250),Python & SQL,212048,43181,255229,4.3,3.6
EMP-50234,ML Engineer,Lead / Principal,13.0,Fully Remote,United States,Large (250+),PyTorch / TensorFlow,270251,0,270251,3.8,3.8
EMP-50235,Cloud Architect,Senior,6.0,Hybrid,United Kingdom,Medium (50-250),AWS / Cloud,156096,45814,201910,3.2,2.7
EMP-50236,Data Scientist,Executive,19.5,In-Office,United States,Large (250+),Python & SQL,307183,93264,400447,2.8,3.0
EMP-50237,AI Research Scientist,Senior,9.3,Fully Remote,United Kingdom,Medium (50-250),PyTorch / TensorFlow,188751,40054,228805,4.1,3.6
EMP-50238,Cloud Architect,Lead / Principal,10.2,Hybrid,Australia,Large (250+),Kubernetes / Go,236909,0,236909,4.1,4.5
EMP-50239,ML Engineer,Entry-Level,1.7,Fully Remote,Canada,Medium (50-250),PyTorch / TensorFlow,147854,0,147854,2.1,3.3
EMP-50240,Product Manager,Mid-Level,5.9,Hybrid,Germany,Medium (50-250),Kubernetes / Go,113468,24346,137814,2.0,3.9
EMP-50241,Product Manager,Mid-Level,4.3,Fully Remote,United Kingdom,Small (<50),PyTorch / TensorFlow,142023,0,142023,2.4,3.9
EMP-50242,Product Manager,Mid-Level,4.5,Hybrid,United Kingdom,Medium (50-250),R & Statistics,114520,39273,153793,3.3,3.5
EMP-50243,Data Scientist,Entry-Level,2.8,Fully Remote,United States,Medium (50-250),Python & SQL,158954,16037,174991,4.0,3.5
EMP-50244,AI Research Scientist,Senior,9.6,Hybrid,Australia,Medium (50-250),PyTorch / TensorFlow,194094,81903,275997,3.2,3.4
EMP-50245,Product Manager,Senior,8.9,Hybrid,United States,Large (250+),R & Statistics,205784,42356,248140,4.6,3.7
EMP-50246,Data Scientist,Senior,10.0,Fully Remote,United States,Small (<50),R & Statistics,206658,47741,254399,4.2,3.4
EMP-50247,BI Analyst,Entry-Level,2.7,Hybrid,Canada,Large (250+),Python & SQL,91496,20819,112315,3.7,4.4
EMP-50248,BI Analyst,Senior,8.3,Fully Remote,United States,Large (250+),Python & SQL,176403,28770,205173,3.2,4.5
EMP-50249,DevOps Engineer,Senior,8.4,Hybrid,United States,Small (<50),Kubernetes / Go,171282,60444,231726,4.8,4.4
EMP-50250,Data Scientist,Mid-Level,4.2,Fully Remote,United States,Medium (50-250),Python & SQL,139901,0,139901,4.0,3.8
EMP-50251,Data Scientist,Senior,10.8,Hybrid,United States,Medium (50-250),Python & SQL,195834,32054,227888,4.2,3.9
EMP-50252,DevOps Engineer,Mid-Level,5.1,Fully Remote,United States,Small (<50),AWS / Cloud,159388,0,159388,3.7,4.8
EMP-50253,Data Scientist,Mid-Level,3.2,Hybrid,United States,Medium (50-250),Python & SQL,155419,0,155419,3.5,3.0
EMP-50254,ML Engineer,Lead / Principal,15.2,Fully Remote,Germany,Large (250+),Python & SQL,208195,58330,266525,3.8,3.6
EMP-50255,Data Engineer,Mid-Level,4.4,Hybrid,India,Small (<50),PyTorch / TensorFlow,57206,0,57206,4.9,3.4
EMP-50256,Product Manager,Mid-Level,3.2,Fully Remote,United States,Medium (50-250),R & Statistics,174246,28136,202382,4.0,3.7
EMP-50257,Cloud Architect,Lead / Principal,13.3,In-Office,India,Medium (50-250),Kubernetes / Go,98966,0,98966,5.0,4.0
EMP-50258,Data Engineer,Senior,8.1,In-Office,United States,Large (250+),Python & SQL,196986,62970,259956,3.8,3.6
EMP-50259,AI Research Scientist,Entry-Level,2.8,Fully Remote,United States,Small (<50),PyTorch / TensorFlow,197439,0,197439,4.5,4.1
EMP-50260,Data Engineer,Entry-Level,1.4,Hybrid,United States,Medium (50-250),Python & SQL,167074,0,167074,3.3,3.6
EMP-50261,BI Analyst,Entry-Level,2.7,Fully Remote,Germany,Medium (50-250),Python & SQL,83850,35692,119542,3.2,3.2
EMP-50262,ML Engineer,Senior,8.8,Fully Remote,United States,Medium (50-250),PyTorch / TensorFlow,232062,63119,295181,2.6,4.4
EMP-50263,Data Engineer,Mid-Level,3.2,Hybrid,Germany,Large (250+),Java & Spring,123193,46063,169256,3.0,4.1
EMP-50264,DevOps Engineer,Entry-Level,2.9,Hybrid,Canada,Large (250+),AWS / Cloud,122105,0,122105,2.8,4.0
EMP-50265,Software Engineer,Lead / Principal,13.1,Hybrid,United Kingdom,Small (<50),Python & SQL,131410,30335,161745,3.0,5.0
EMP-50266,Cloud Architect,Mid-Level,3.9,Fully Remote,Germany,Medium (50-250),Kubernetes / Go,125022,0,125022,4.6,3.1
EMP-50267,Cloud Architect,Mid-Level,4.4,Fully Remote,Singapore,Medium (50-250),AWS / Cloud,139615,35526,175141,4.8,2.7
EMP-50268,Data Scientist,Mid-Level,5.6,Fully Remote,United States,Medium (50-250),Python & SQL,183784,0,183784,4.4,5.0
EMP-50269,Data Scientist,Senior,7.5,Hybrid,United States,Medium (50-250),Python & SQL,195029,36930,231959,5.0,3.7
EMP-50270,Software Engineer,Entry-Level,1.4,Hybrid,Canada,Medium (50-250),AWS / Cloud,118854,0,118854,4.2,3.3
EMP-50271,Software Engineer,Mid-Level,3.4,Hybrid,Germany,Medium (50-250),R & Statistics,123602,44586,168188,2.6,4.9
EMP-50272,DevOps Engineer,Senior,7.5,Fully Remote,United States,Large (250+),Kubernetes / Go,196657,23950,220607,4.5,3.8
EMP-50273,Product Manager,Mid-Level,5.3,Fully Remote,United States,Small (<50),Python & SQL,142673,0,142673,2.7,3.8
EMP-50274,Data Engineer,Senior,8.4,Fully Remote,United Kingdom,Large (250+),Kubernetes / Go,170406,0,170406,4.9,3.4
EMP-50275,Data Engineer,Mid-Level,3.7,Fully Remote,United States,Medium (50-250),AWS / Cloud,171845,0,171845,4.3,3.9
EMP-50276,Software Engineer,Entry-Level,1.3,Fully Remote,United States,Medium (50-250),Python & SQL,124344,31383,155727,3.3,1.1
EMP-50277,Cloud Architect,Entry-Level,1.7,Hybrid,Australia,Large (250+),AWS / Cloud,137418,0,137418,4.0,3.9
EMP-50278,Cloud Architect,Mid-Level,5.8,In-Office,Canada,Medium (50-250),Kubernetes / Go,158629,69675,228304,3.7,3.1
EMP-50279,Software Engineer,Mid-Level,4.0,Hybrid,United Kingdom,Medium (50-250),Kubernetes / Go,115463,18325,133788,3.3,2.4
EMP-50280,DevOps Engineer,Entry-Level,3.0,Hybrid,Germany,Medium (50-250),AWS / Cloud,101930,0,101930,3.4,4.5
EMP-50281,Data Scientist,Senior,8.4,Fully Remote,Australia,Medium (50-250),Python & SQL,162836,26203,189039,3.8,4.1
EMP-50282,Data Scientist,Executive,15.4,In-Office,United States,Large (250+),Python & SQL,259247,84681,343928,3.8,4.2
EMP-50283,AI Research Scientist,Senior,10.5,Fully Remote,United States,Large (250+),PyTorch / TensorFlow,323820,78848,402668,4.3,4.4
EMP-50284,Data Engineer,Lead / Principal,12.8,In-Office,United Kingdom,Small (<50),Python & SQL,152469,21736,174205,3.7,3.8
EMP-50285,AI Research Scientist,Mid-Level,5.1,Hybrid,Canada,Small (<50),PyTorch / TensorFlow,146564,0,146564,4.1,3.9
EMP-50286,Data Scientist,Lead / Principal,15.9,Fully Remote,United States,Medium (50-250),Python & SQL,230905,77419,308324,4.1,3.9
EMP-50287,Data Engineer,Mid-Level,3.2,In-Office,France,Small (<50),Java & Spring,103528,0,103528,3.3,3.6
EMP-50288,Data Scientist,Lead / Principal,10.6,Fully Remote,United States,Medium (50-250),Python & SQL,213457,55287,268744,3.8,3.5
EMP-50289,Data Engineer,Executive,19.8,Hybrid,United States,Small (<50),AWS / Cloud,256962,0,256962,3.0,2.6
EMP-50290,AI Research Scientist,Senior,7.4,Hybrid,United States,Medium (50-250),PyTorch / TensorFlow,217543,50592,268135,2.7,3.3
EMP-50291,AI Research Scientist,Executive,15.5,Fully Remote,United States,Small (<50),PyTorch / TensorFlow,282300,94122,376422,3.8,4.5
EMP-50292,Software Engineer,Senior,6.2,Hybrid,Canada,Medium (50-250),Kubernetes / Go,131765,23659,155424,3.5,4.7
EMP-50293,Data Scientist,Mid-Level,3.1,Hybrid,Singapore,Medium (50-250),Python & SQL,129685,25841,155526,4.1,3.3
EMP-50294,ML Engineer,Mid-Level,5.3,Hybrid,United States,Medium (50-250),PyTorch / TensorFlow,199369,63136,262505,4.0,4.7
EMP-50295,Data Engineer,Senior,6.7,Fully Remote,Singapore,Large (250+),R & Statistics,181949,29026,210975,3.7,2.9
EMP-50296,Software Engineer,Entry-Level,1.9,In-Office,India,Large (250+),R & Statistics,83586,0,83586,2.5,3.9
EMP-50297,ML Engineer,Senior,9.0,Fully Remote,United Kingdom,Medium (50-250),PyTorch / TensorFlow,186731,77683,264414,3.4,3.7
EMP-50298,Data Engineer,Executive,17.4,Fully Remote,Germany,Small (<50),Python & SQL,164226,62100,226326,4.2,3.3
EMP-50299,AI Research Scientist,Mid-Level,3.1,Fully Remote,United States,Large (250+),PyTorch / TensorFlow,240121,0,240121,3.7,3.6
EMP-50300,AI Research Scientist,Senior,9.9,Fully Remote,United Kingdom,Large (250+),PyTorch / TensorFlow,218743,34415,253158,4.7,3.6
EMP-50301,Data Engineer,Lead / Principal,10.1,Fully Remote,United States,Large (250+),R & Statistics,215371,41059,256430,3.1,3.9
EMP-50302,Data Engineer,Lead / Principal,14.6,In-Office,Germany,Small (<50),Python & SQL,156626,0,156626,3.6,3.6
EMP-50303,Cloud Architect,Lead / Principal,15.4,Fully Remote,United States,Large (250+),Kubernetes / Go,286079,0,286079,3.6,3.3
EMP-50304,Cloud Architect,Mid-Level,4.3,Fully Remote,India,Medium (50-250),AWS / Cloud,80453,0,80453,3.8,3.4
EMP-50305,BI Analyst,Executive,18.3,Fully Remote,India,Large (250+),R & Statistics,79505,0,79505,4.8,4.1
EMP-50306,Data Engineer,Senior,8.4,Hybrid,United States,Large (250+),Kubernetes / Go,223857,76087,299944,4.2,4.2
EMP-50307,Data Scientist,Entry-Level,1.8,In-Office,United States,Medium (50-250),Python & SQL,137414,0,137414,3.7,4.3
EMP-50308,Software Engineer,Mid-Level,5.7,Fully Remote,United Kingdom,Large (250+),AWS / Cloud,128372,0,128372,4.3,4.2
EMP-50309,ML Engineer,Senior,10.5,Fully Remote,United Kingdom,Medium (50-250),PyTorch / TensorFlow,174825,27298,202123,4.6,4.0
EMP-50310,Data Scientist,Mid-Level,4.0,Fully Remote,United States,Large (250+),Python & SQL,168121,53246,221367,3.4,4.0
EMP-50311,AI Research Scientist,Senior,9.1,Fully Remote,United Kingdom,Medium (50-250),PyTorch / TensorFlow,200969,0,200969,4.0,2.8
EMP-50312,AI Research Scientist,Senior,10.6,Fully Remote,United States,Large (250+),PyTorch / TensorFlow,314107,32058,346165,4.5,3.9
EMP-50313,BI Analyst,Entry-Level,2.9,Hybrid,United States,Small (<50),Python & SQL,127015,0,127015,3.1,4.5
EMP-50314,Software Engineer,Senior,8.5,Fully Remote,United States,Large (250+),Kubernetes / Go,235309,53378,288687,3.9,4.4
EMP-50315,Cloud Architect,Senior,8.3,Hybrid,United States,Medium (50-250),AWS / Cloud,220022,44925,264947,3.9,3.4
EMP-50316,Data Scientist,Mid-Level,3.8,Fully Remote,Canada,Medium (50-250),Python & SQL,140625,39474,180099,4.6,4.3
EMP-50317,ML Engineer,Entry-Level,2.9,In-Office,Singapore,Medium (50-250),Python & SQL,137254,0,137254,3.3,3.9
EMP-50318,ML Engineer,Entry-Level,1.3,In-Office,United States,Large (250+),PyTorch / TensorFlow,220830,77631,298461,4.2,4.8
EMP-50319,ML Engineer,Mid-Level,4.7,Hybrid,United Kingdom,Small (<50),PyTorch / TensorFlow,152984,0,152984,3.5,3.0
EMP-50320,Data Engineer,Lead / Principal,11.7,Fully Remote,United States,Medium (50-250),PyTorch / TensorFlow,220880,58375,279255,3.4,3.7
EMP-50321,Cloud Architect,Mid-Level,3.8,Fully Remote,United Kingdom,Medium (50-250),AWS / Cloud,140943,43197,184140,3.8,3.6
EMP-50322,Cloud Architect,Senior,8.0,Fully Remote,United States,Large (250+),Kubernetes / Go,235888,52711,288599,4.1,2.5
EMP-50323,ML Engineer,Mid-Level,6.0,Hybrid,Germany,Small (<50),Python & SQL,138501,17038,155539,4.3,4.2
EMP-50324,Product Manager,Mid-Level,3.2,Hybrid,Singapore,Small (<50),R & Statistics,128784,36559,165343,4.2,3.8
EMP-50325,Software Engineer,Senior,8.9,In-Office,United States,Medium (50-250),Python & SQL,188890,75840,264730,3.3,5.0
EMP-50326,Data Engineer,Senior,6.4,In-Office,Canada,Medium (50-250),Kubernetes / Go,138178,20438,158616,3.5,3.3
EMP-50327,Data Engineer,Entry-Level,1.3,Fully Remote,United States,Medium (50-250),AWS / Cloud,150430,0,150430,3.6,3.2
EMP-50328,Data Scientist,Mid-Level,4.3,Hybrid,United States,Medium (50-250),R & Statistics,162880,47952,210832,3.1,3.3
EMP-50329,ML Engineer,Entry-Level,2.0,Fully Remote,United States,Large (250+),PyTorch / TensorFlow,186050,18719,204769,3.2,4.2
EMP-50330,Data Scientist,Mid-Level,3.8,Fully Remote,United States,Large (250+),Python & SQL,186725,40287,227012,4.5,3.5
EMP-50331,Software Engineer,Senior,7.6,Fully Remote,United States,Medium (50-250),R & Statistics,196487,45397,241884,3.9,4.1
EMP-50332,AI Research Scientist,Entry-Level,1.2,Fully Remote,United States,Small (<50),PyTorch / TensorFlow,179944,0,179944,4.2,3.8
EMP-50333,ML Engineer,Mid-Level,3.9,In-Office,United States,Medium (50-250),Python & SQL,191123,0,191123,4.1,4.3
EMP-50334,AI Research Scientist,Mid-Level,5.9,Fully Remote,United States,Small (<50),PyTorch / TensorFlow,194745,53947,248692,2.9,3.3
EMP-50335,AI Research Scientist,Lead / Principal,15.7,Hybrid,Germany,Large (250+),PyTorch / TensorFlow,252951,79750,332701,3.6,2.5
EMP-50336,DevOps Engineer,Executive,16.7,Hybrid,Australia,Medium (50-250),Kubernetes / Go,207247,0,207247,4.5,3.7
EMP-50337,Cloud Architect,Entry-Level,2.1,Hybrid,United States,Medium (50-250),Kubernetes / Go,167018,0,167018,2.9,2.6
EMP-50338,Data Scientist,Senior,10.5,Fully Remote,United States,Medium (50-250),R & Statistics,198271,72686,270957,5.0,3.7
EMP-50339,AI Research Scientist,Mid-Level,3.0,In-Office,United States,Large (250+),PyTorch / TensorFlow,217411,0,217411,2.8,3.3
EMP-50340,Data Engineer,Mid-Level,5.4,Hybrid,India,Small (<50),Python & SQL,74149,19281,93430,2.7,3.5
EMP-50341,Data Scientist,Senior,10.7,Hybrid,United Kingdom,Medium (50-250),R & Statistics,142324,15530,157854,3.1,3.9
EMP-50342,ML Engineer,Lead / Principal,10.5,Fully Remote,United States,Small (<50),PyTorch / TensorFlow,216095,94031,310126,2.9,4.3
EMP-50343,Data Scientist,Lead / Principal,11.0,Hybrid,United States,Large (250+),Python & SQL,226955,32413,259368,2.7,4.2
EMP-50344,Data Scientist,Senior,10.8,In-Office,United States,Large (250+),Python & SQL,203579,37496,241075,3.1,3.5
EMP-50345,Data Engineer,Mid-Level,4.6,Hybrid,United States,Medium (50-250),Python & SQL,175044,0,175044,4.3,3.9
EMP-50346,Cloud Architect,Senior,6.1,In-Office,Singapore,Medium (50-250),Kubernetes / Go,144545,45402,189947,3.3,4.2
EMP-50347,AI Research Scientist,Mid-Level,3.8,Hybrid,Australia,Large (250+),PyTorch / TensorFlow,195531,0,195531,4.3,3.4
EMP-50348,Data Scientist,Senior,8.2,Fully Remote,United States,Medium (50-250),Python & SQL,167462,46392,213854,4.1,3.9
EMP-50349,Data Engineer,Mid-Level,5.1,Fully Remote,United Kingdom,Medium (50-250),Python & SQL,120434,26157,146591,3.2,4.1
EMP-50350,Data Engineer,Senior,9.7,Fully Remote,United States,Medium (50-250),Kubernetes / Go,214688,57693,272381,2.9,5.0
EMP-50351,DevOps Engineer,Mid-Level,6.0,Hybrid,United States,Medium (50-250),Kubernetes / Go,166530,0,166530,2.9,3.8
EMP-50352,Cloud Architect,Mid-Level,3.9,Hybrid,India,Small (<50),AWS / Cloud,72481,0,72481,2.4,3.3
EMP-50353,ML Engineer,Lead / Principal,13.2,Fully Remote,United Kingdom,Large (250+),Python & SQL,210627,34484,245111,4.5,4.2
EMP-50354,AI Research Scientist,Entry-Level,2.1,Hybrid,United States,Medium (50-250),PyTorch / TensorFlow,178139,34006,212145,3.2,2.2
EMP-50355,Cloud Architect,Mid-Level,4.2,Hybrid,United States,Small (<50),Kubernetes / Go,147199,0,147199,3.9,2.7
EMP-50356,AI Research Scientist,Mid-Level,3.5,Fully Remote,India,Large (250+),PyTorch / TensorFlow,91643,27068,118711,2.7,3.5
EMP-50357,Data Engineer,Entry-Level,3.0,Fully Remote,Germany,Medium (50-250),Kubernetes / Go,110424,0,110424,4.1,3.4
EMP-50358,Product Manager,Entry-Level,2.7,Fully Remote,United Kingdom,Small (<50),Python & SQL,130097,0,130097,4.9,4.9
EMP-50359,Data Engineer,Entry-Level,2.0,Fully Remote,United States,Medium (50-250),Kubernetes / Go,158490,0,158490,4.1,3.2
EMP-50360,Data Scientist,Lead / Principal,13.6,Fully Remote,United States,Large (250+),R & Statistics,235209,94809,330018,4.0,3.6
EMP-50361,Cloud Architect,Mid-Level,3.7,Fully Remote,Singapore,Large (250+),AWS / Cloud,183812,49964,233776,4.7,3.1
EMP-50362,Data Scientist,Lead / Principal,13.3,Fully Remote,United Kingdom,Large (250+),Python & SQL,176742,28675,205417,3.2,4.7
EMP-50363,Data Engineer,Senior,9.5,Hybrid,United States,Large (250+),R & Statistics,232668,79242,311910,2.8,5.0
EMP-50364,Product Manager,Mid-Level,4.5,Fully Remote,United Kingdom,Small (<50),Kubernetes / Go,128493,47974,176467,4.8,2.3
EMP-50365,Data Scientist,Senior,11.0,In-Office,Canada,Medium (50-250),R & Statistics,189113,49979,239092,3.6,4.4
EMP-50366,BI Analyst,Mid-Level,4.8,Fully Remote,United States,Large (250+),Python & SQL,134355,20008,154363,5.0,3.2
EMP-50367,DevOps Engineer,Senior,7.9,Fully Remote,United States,Medium (50-250),Kubernetes / Go,165446,23183,188629,2.8,4.5
EMP-50368,ML Engineer,Mid-Level,5.3,Fully Remote,United Kingdom,Medium (50-250),PyTorch / TensorFlow,140644,16671,157315,3.5,4.0
EMP-50369,AI Research Scientist,Mid-Level,3.5,Fully Remote,Germany,Medium (50-250),PyTorch / TensorFlow,144283,54725,199008,3.2,4.5
EMP-50370,ML Engineer,Lead / Principal,12.3,In-Office,Canada,Medium (50-250),PyTorch / TensorFlow,194635,29592,224227,3.4,3.6
EMP-50371,AI Research Scientist,Lead / Principal,12.1,Fully Remote,Australia,Large (250+),PyTorch / TensorFlow,237789,42084,279873,3.8,4.0
EMP-50372,AI Research Scientist,Lead / Principal,12.6,In-Office,United States,Medium (50-250),PyTorch / TensorFlow,276331,33891,310222,4.6,3.6
EMP-50373,Cloud Architect,Mid-Level,5.3,In-Office,United States,Medium (50-250),AWS / Cloud,200000,0,200000,2.3,2.7
EMP-50374,AI Research Scientist,Senior,8.4,Hybrid,Singapore,Large (250+),Python & SQL,195765,50202,245967,3.4,4.6
EMP-50375,Data Scientist,Mid-Level,5.4,Hybrid,United States,Medium (50-250),R & Statistics,153531,18871,172402,2.7,4.4
EMP-50376,Software Engineer,Mid-Level,4.7,Hybrid,Germany,Small (<50),R & Statistics,95510,0,95510,3.3,3.9
EMP-50377,AI Research Scientist,Mid-Level,4.0,Fully Remote,Germany,Medium (50-250),PyTorch / TensorFlow,151940,0,151940,2.0,3.4
EMP-50378,Software Engineer,Senior,10.0,Hybrid,United Kingdom,Large (250+),PyTorch / TensorFlow,148010,0,148010,4.7,4.1
EMP-50379,Data Scientist,Mid-Level,3.7,Fully Remote,United States,Large (250+),Python & SQL,181603,32762,214365,3.8,3.0
EMP-50380,ML Engineer,Mid-Level,3.7,Fully Remote,Canada,Large (250+),PyTorch / TensorFlow,159099,0,159099,2.6,3.1
EMP-50381,Cloud Architect,Lead / Principal,13.0,Hybrid,India,Large (250+),Kubernetes / Go,112132,31916,144048,2.9,3.6
EMP-50382,Data Engineer,Mid-Level,3.8,Hybrid,United Kingdom,Medium (50-250),Kubernetes / Go,113677,35959,149636,3.1,4.0
EMP-50383,DevOps Engineer,Entry-Level,1.0,In-Office,United Kingdom,Large (250+),AWS / Cloud,105613,46095,151708,3.1,3.3
EMP-50384,Software Engineer,Entry-Level,2.3,Fully Remote,United States,Large (250+),Python & SQL,166373,28428,194801,4.5,3.9
EMP-50385,Software Engineer,Lead / Principal,13.1,In-Office,United States,Small (<50),PyTorch / TensorFlow,201426,61818,263244,3.3,4.4
EMP-50386,Data Scientist,Mid-Level,4.3,Fully Remote,United States,Small (<50),Python & SQL,139021,0,139021,2.5,3.2
EMP-50387,ML Engineer,Mid-Level,5.9,Fully Remote,United States,Large (250+),PyTorch / TensorFlow,220193,22376,242569,4.6,3.4
EMP-50388,Software Engineer,Senior,8.9,Fully Remote,Singapore,Large (250+),PyTorch / TensorFlow,189719,73407,263126,4.6,3.9
EMP-50389,Software Engineer,Senior,10.3,Fully Remote,Canada,Large (250+),Java & Spring,177751,55697,233448,4.4,5.0
EMP-50390,BI Analyst,Mid-Level,3.4,Fully Remote,Germany,Large (250+),Python & SQL,84482,35127,119609,3.8,3.1
EMP-50391,Data Scientist,Senior,8.8,Hybrid,United Kingdom,Medium (50-250),Python & SQL,133250,32303,165553,4.4,3.2
EMP-50392,Data Scientist,Senior,10.3,Hybrid,United States,Medium (50-250),Python & SQL,198157,74748,272905,3.0,3.7
EMP-50393,Software Engineer,Senior,8.9,Hybrid,France,Medium (50-250),PyTorch / TensorFlow,128760,23472,152232,3.5,2.2
EMP-50394,Data Scientist,Entry-Level,2.4,Hybrid,United States,Small (<50),Python & SQL,140733,0,140733,4.3,4.3
EMP-50395,Product Manager,Lead / Principal,12.2,In-Office,United States,Large (250+),R & Statistics,243172,97255,340427,4.3,3.0
EMP-50396,DevOps Engineer,Senior,6.5,Hybrid,United Kingdom,Medium (50-250),Kubernetes / Go,101201,10579,111780,3.7,4.8
EMP-50397,Data Scientist,Mid-Level,4.4,Hybrid,India,Medium (50-250),R & Statistics,98876,0,98876,3.3,4.1
EMP-50398,Software Engineer,Mid-Level,4.2,Fully Remote,Australia,Medium (50-250),PyTorch / TensorFlow,144535,0,144535,4.0,3.1
EMP-50399,Software Engineer,Entry-Level,2.7,In-Office,United States,Medium (50-250),Kubernetes / Go,153043,0,153043,2.7,3.6
EMP-50400,ML Engineer,Entry-Level,1.5,Hybrid,Australia,Small (<50),Python & SQL,109767,0,109767,3.6,4.2
EMP-50401,DevOps Engineer,Senior,10.8,Fully Remote,United States,Medium (50-250),AWS / Cloud,216349,0,216349,3.5,4.1
EMP-50402,Data Engineer,Entry-Level,2.9,Fully Remote,United States,Small (<50),PyTorch / TensorFlow,147794,0,147794,4.6,3.1
EMP-50403,Software Engineer,Mid-Level,3.7,Hybrid,India,Small (<50),Java & Spring,66485,26157,92642,3.1,3.9
EMP-50404,Data Scientist,Mid-Level,4.0,Fully Remote,India,Large (250+),Python & SQL,66283,0,66283,4.1,3.5
EMP-50405,DevOps Engineer,Entry-Level,2.8,In-Office,United Kingdom,Small (<50),AWS / Cloud,121707,0,121707,2.3,4.6
EMP-50406,Data Scientist,Executive,21.7,Fully Remote,United Kingdom,Medium (50-250),R & Statistics,208687,65319,274006,5.0,3.2
EMP-50407,AI Research Scientist,Mid-Level,4.3,Hybrid,India,Medium (50-250),Python & SQL,78362,0,78362,3.3,3.7
EMP-50408,DevOps Engineer,Mid-Level,4.0,Fully Remote,Canada,Medium (50-250),Kubernetes / Go,140282,0,140282,3.1,2.9
EMP-50409,AI Research Scientist,Mid-Level,4.6,Hybrid,Australia,Small (<50),PyTorch / TensorFlow,156436,0,156436,3.4,2.3
EMP-50410,Data Scientist,Mid-Level,5.1,In-Office,United Kingdom,Large (250+),R & Statistics,138028,16174,154202,2.5,3.9
EMP-50411,Product Manager,Entry-Level,1.5,Fully Remote,Singapore,Large (250+),R & Statistics,115843,22228,138071,3.9,3.4
EMP-50412,Product Manager,Senior,9.7,Hybrid,France,Medium (50-250),PyTorch / TensorFlow,122939,48228,171167,2.8,3.8
EMP-50413,Data Engineer,Lead / Principal,10.3,Fully Remote,United States,Medium (50-250),Java & Spring,211987,50918,262905,3.8,4.3
EMP-50414,Cloud Architect,Mid-Level,3.1,Fully Remote,India,Large (250+),Kubernetes / Go,86675,0,86675,3.8,3.7
EMP-50415,Data Scientist,Senior,7.9,Fully Remote,United Kingdom,Large (250+),Python & SQL,144098,40355,184453,3.4,3.9
EMP-50416,Data Scientist,Senior,7.8,Hybrid,United States,Medium (50-250),Python & SQL,205779,26728,232507,4.6,3.7
EMP-50417,Data Scientist,Senior,7.6,Fully Remote,Germany,Small (<50),Python & SQL,103324,35850,139174,4.1,3.8
EMP-50418,Cloud Architect,Mid-Level,4.5,Fully Remote,United States,Medium (50-250),Kubernetes / Go,188886,0,188886,3.7,3.1
EMP-50419,Software Engineer,Mid-Level,4.0,Fully Remote,United Kingdom,Medium (50-250),Java & Spring,110813,0,110813,3.9,3.3
EMP-50420,Software Engineer,Mid-Level,3.6,Hybrid,India,Small (<50),Kubernetes / Go,62483,0,62483,3.1,2.9
EMP-50421,Software Engineer,Senior,7.5,Hybrid,United States,Medium (50-250),AWS / Cloud,180431,77572,258003,3.7,4.0
EMP-50422,AI Research Scientist,Senior,10.9,Fully Remote,United States,Medium (50-250),PyTorch / TensorFlow,241609,53156,294765,4.0,4.1
EMP-50423,Data Engineer,Mid-Level,4.2,Fully Remote,Singapore,Medium (50-250),PyTorch / TensorFlow,120658,0,120658,3.6,4.6
EMP-50424,AI Research Scientist,Mid-Level,4.3,In-Office,United States,Large (250+),Python & SQL,221985,0,221985,2.7,3.0
EMP-50425,Data Engineer,Lead / Principal,13.5,Fully Remote,United States,Large (250+),PyTorch / TensorFlow,260217,63575,323792,3.7,2.8
EMP-50426,Data Scientist,Senior,10.9,In-Office,United States,Medium (50-250),Python & SQL,193738,49968,243706,4.6,3.2
EMP-50427,DevOps Engineer,Executive,15.9,In-Office,United Kingdom,Large (250+),Kubernetes / Go,167376,55900,223276,3.0,3.6
EMP-50428,Data Scientist,Senior,9.4,Hybrid,Germany,Small (<50),Python & SQL,126219,25606,151825,2.7,3.1
EMP-50429,ML Engineer,Mid-Level,5.1,Fully Remote,India,Large (250+),PyTorch / TensorFlow,88297,31231,119528,4.6,4.0
EMP-50430,ML Engineer,Senior,9.0,In-Office,United States,Small (<50),PyTorch / TensorFlow,213254,44566,257820,2.1,3.4
EMP-50431,Software Engineer,Senior,6.4,Hybrid,India,Small (<50),PyTorch / TensorFlow,82611,28742,111353,4.7,3.0
EMP-50432,Data Engineer,Entry-Level,2.4,Hybrid,United Kingdom,Medium (50-250),Java & Spring,123136,0,123136,2.2,3.5
EMP-50433,ML Engineer,Senior,6.3,Fully Remote,United States,Medium (50-250),PyTorch / TensorFlow,208145,52072,260217,3.3,3.1
EMP-50434,AI Research Scientist,Senior,9.0,Fully Remote,Germany,Large (250+),Python & SQL,204664,40352,245016,3.2,2.2
EMP-50435,Cloud Architect,Entry-Level,2.5,Fully Remote,Canada,Medium (50-250),Kubernetes / Go,133129,0,133129,3.8,3.4
EMP-50436,AI Research Scientist,Senior,7.1,Hybrid,United Kingdom,Medium (50-250),Python & SQL,154795,68112,222907,4.0,3.1
EMP-50437,Software Engineer,Senior,10.2,Hybrid,United States,Medium (50-250),Python & SQL,187152,0,187152,3.8,3.1
EMP-50438,Cloud Architect,Lead / Principal,10.2,Fully Remote,United States,Medium (50-250),AWS / Cloud,214699,0,214699,3.2,3.6
EMP-50439,AI Research Scientist,Entry-Level,2.7,Hybrid,United States,Medium (50-250),PyTorch / TensorFlow,191778,0,191778,4.9,3.4
EMP-50440,AI Research Scientist,Mid-Level,4.4,Fully Remote,United States,Medium (50-250),PyTorch / TensorFlow,206502,0,206502,4.2,3.2
EMP-50441,BI Analyst,Senior,7.1,Hybrid,Germany,Large (250+),Python & SQL,128660,45029,173689,3.0,3.0
EMP-50442,Data Scientist,Mid-Level,3.4,In-Office,United States,Large (250+),Python & SQL,157851,16335,174186,3.8,2.7
EMP-50443,Data Scientist,Senior,10.8,Fully Remote,Canada,Large (250+),R & Statistics,181014,45296,226310,4.3,4.0
EMP-50444,Software Engineer,Senior,6.4,Fully Remote,United States,Medium (50-250),PyTorch / TensorFlow,174278,39128,213406,2.6,3.6
EMP-50445,Product Manager,Entry-Level,1.4,Fully Remote,United States,Large (250+),R & Statistics,146106,0,146106,5.0,4.0
EMP-50446,BI Analyst,Mid-Level,4.0,Hybrid,United Kingdom,Medium (50-250),Python & SQL,103122,0,103122,1.7,3.2
EMP-50447,Software Engineer,Mid-Level,4.9,Hybrid,United States,Medium (50-250),Kubernetes / Go,158395,0,158395,3.4,4.3
EMP-50448,Data Scientist,Mid-Level,4.6,In-Office,Australia,Medium (50-250),Python & SQL,124554,0,124554,4.5,3.1
EMP-50449,AI Research Scientist,Lead / Principal,10.8,Fully Remote,United States,Large (250+),PyTorch / TensorFlow,286933,34231,321164,3.5,3.7
EMP-50450,Software Engineer,Senior,7.4,In-Office,United States,Large (250+),PyTorch / TensorFlow,201429,75819,277248,2.9,4.1
EMP-50451,Data Engineer,Senior,7.2,Fully Remote,India,Large (250+),PyTorch / TensorFlow,85076,18158,103234,4.8,3.0
EMP-50452,Data Scientist,Senior,7.1,Hybrid,Germany,Large (250+),Python & SQL,147903,49976,197879,3.7,3.7
EMP-50453,DevOps Engineer,Mid-Level,4.2,Fully Remote,United States,Large (250+),AWS / Cloud,187346,22472,209818,4.3,3.7
EMP-50454,ML Engineer,Lead / Principal,14.2,In-Office,United States,Large (250+),PyTorch / TensorFlow,266897,69934,336831,1.9,3.7
EMP-50455,Data Engineer,Senior,7.1,Hybrid,Germany,Medium (50-250),Java & Spring,135797,0,135797,4.0,3.0
EMP-50456,AI Research Scientist,Senior,7.8,Hybrid,France,Medium (50-250),PyTorch / TensorFlow,166490,0,166490,1.4,3.2
EMP-50457,Data Scientist,Lead / Principal,12.3,In-Office,Australia,Medium (50-250),Python & SQL,188447,39309,227756,3.3,3.2
EMP-50458,AI Research Scientist,Mid-Level,5.9,Fully Remote,United States,Small (<50),PyTorch / TensorFlow,204986,58349,263335,3.6,3.8
EMP-50459,ML Engineer,Senior,10.8,Fully Remote,France,Medium (50-250),PyTorch / TensorFlow,157296,54819,212115,4.0,3.3
EMP-50460,ML Engineer,Mid-Level,5.4,In-Office,United States,Medium (50-250),Python & SQL,201033,0,201033,3.5,3.8
EMP-50461,Cloud Architect,Mid-Level,3.7,Fully Remote,United States,Medium (50-250),Kubernetes / Go,186349,0,186349,5.0,4.1
EMP-50462,Software Engineer,Mid-Level,3.2,Fully Remote,India,Large (250+),Python & SQL,78457,16578,95035,3.6,2.4
EMP-50463,Data Engineer,Executive,16.5,Hybrid,United States,Large (250+),PyTorch / TensorFlow,259511,98321,357832,3.1,3.3
EMP-50464,BI Analyst,Lead / Principal,11.6,Hybrid,United States,Small (<50),Python & SQL,125929,19511,145440,4.3,3.2
EMP-50465,Data Scientist,Senior,8.5,Fully Remote,United States,Medium (50-250),Python & SQL,199262,25571,224833,3.8,3.0
EMP-50466,Data Scientist,Senior,9.9,Fully Remote,United States,Medium (50-250),Python & SQL,197835,41998,239833,3.6,4.7
EMP-50467,DevOps Engineer,Senior,10.3,Fully Remote,Canada,Medium (50-250),Kubernetes / Go,140987,48891,189878,4.1,3.8
EMP-50468,ML Engineer,Lead / Principal,15.1,Hybrid,Germany,Large (250+),PyTorch / TensorFlow,206063,63510,269573,2.9,3.7
EMP-50469,BI Analyst,Mid-Level,4.1,In-Office,United States,Medium (50-250),Python & SQL,116944,0,116944,3.2,3.9
EMP-50470,AI Research Scientist,Mid-Level,5.1,In-Office,United Kingdom,Medium (50-250),PyTorch / TensorFlow,158380,0,158380,2.6,5.0
EMP-50471,BI Analyst,Entry-Level,1.6,Hybrid,Australia,Large (250+),Python & SQL,103476,19532,123008,3.1,4.1
EMP-50472,AI Research Scientist,Senior,6.3,Fully Remote,India,Large (250+),PyTorch / TensorFlow,101529,44915,146444,3.5,4.9
EMP-50473,DevOps Engineer,Senior,9.5,In-Office,United States,Small (<50),AWS / Cloud,179112,59678,238790,4.5,2.6
EMP-50474,Data Engineer,Mid-Level,3.0,Hybrid,France,Large (250+),R & Statistics,119580,0,119580,2.9,2.8
EMP-50475,BI Analyst,Entry-Level,1.8,Fully Remote,Germany,Medium (50-250),Python & SQL,84329,0,84329,4.1,3.6
EMP-50476,AI Research Scientist,Senior,7.6,In-Office,United States,Medium (50-250),PyTorch / TensorFlow,223884,88168,312052,5.0,4.9
EMP-50477,Data Engineer,Entry-Level,2.4,Hybrid,United States,Small (<50),Python & SQL,149045,27675,176720,4.4,4.0
EMP-50478,BI Analyst,Senior,9.8,Hybrid,United States,Medium (50-250),R & Statistics,151020,62737,213757,2.5,3.9
EMP-50479,Data Engineer,Executive,16.4,Hybrid,Canada,Medium (50-250),PyTorch / TensorFlow,215026,25755,240781,2.3,3.2
EMP-50480,Data Engineer,Mid-Level,5.4,Fully Remote,United States,Medium (50-250),AWS / Cloud,188709,46599,235308,3.8,4.5
EMP-50481,Cloud Architect,Mid-Level,3.9,Fully Remote,United Kingdom,Medium (50-250),Kubernetes / Go,130533,49827,180360,4.6,3.5
EMP-50482,Data Scientist,Senior,8.2,Hybrid,United States,Large (250+),Python & SQL,197533,41463,238996,1.4,4.1
EMP-50483,Data Engineer,Senior,9.6,Fully Remote,Australia,Medium (50-250),Python & SQL,162982,67527,230509,3.2,3.9
EMP-50484,Data Engineer,Senior,9.5,Hybrid,United States,Small (<50),Python & SQL,173915,48196,222111,2.1,3.7
EMP-50485,DevOps Engineer,Lead / Principal,15.9,Hybrid,Australia,Large (250+),AWS / Cloud,199690,26634,226324,3.5,4.0
EMP-50486,AI Research Scientist,Entry-Level,1.5,Hybrid,Singapore,Small (<50),Python & SQL,136742,0,136742,3.4,2.7
EMP-50487,Data Scientist,Mid-Level,5.0,Hybrid,United States,Large (250+),R & Statistics,198656,67608,266264,4.5,3.5
EMP-50488,Product Manager,Senior,9.0,Hybrid,United Kingdom,Medium (50-250),R & Statistics,114215,31593,145808,3.2,3.2
EMP-50489,DevOps Engineer,Lead / Principal,15.5,In-Office,United States,Medium (50-250),Kubernetes / Go,218840,59897,278737,4.6,3.9
EMP-50490,Data Scientist,Entry-Level,1.3,Hybrid,Australia,Medium (50-250),R & Statistics,111516,28547,140063,3.0,3.1
EMP-50491,Data Engineer,Senior,9.8,Fully Remote,United Kingdom,Small (<50),PyTorch / TensorFlow,135877,0,135877,4.5,3.2
EMP-50492,ML Engineer,Senior,8.8,Fully Remote,United States,Medium (50-250),PyTorch / TensorFlow,238618,89274,327892,4.4,3.9
EMP-50493,ML Engineer,Mid-Level,3.8,Fully Remote,United States,Small (<50),PyTorch / TensorFlow,169729,0,169729,4.5,3.0
EMP-50494,Data Scientist,Entry-Level,1.9,Fully Remote,United States,Medium (50-250),Python & SQL,148385,49125,197510,4.1,3.3
EMP-50495,Data Scientist,Lead / Principal,12.0,Fully Remote,Singapore,Small (<50),Python & SQL,151128,55080,206208,3.6,4.2
EMP-50496,Data Engineer,Entry-Level,2.2,Fully Remote,Germany,Medium (50-250),Java & Spring,104123,31356,135479,4.3,3.0
EMP-50497,AI Research Scientist,Mid-Level,5.7,Hybrid,India,Medium (50-250),PyTorch / TensorFlow,114825,50487,165312,3.2,3.1
EMP-50498,BI Analyst,Mid-Level,4.7,In-Office,United States,Medium (50-250),Python & SQL,105986,40978,146964,4.2,3.4
EMP-50499,BI Analyst,Lead / Principal,13.8,Fully Remote,United States,Small (<50),Python & SQL,135281,38123,173404,3.4,4.1
EMP-50500,Cloud Architect,Senior,8.6,Hybrid,France,Small (<50),AWS / Cloud,118759,27825,146584,3.0,2.8
EMP-50501,Data Engineer,Senior,6.3,Hybrid,United States,Small (<50),PyTorch / TensorFlow,159156,36216,195372,2.8,4.2
EMP-50502,Data Scientist,Mid-Level,3.7,Fully Remote,Singapore,Large (250+),Python & SQL,146802,0,146802,2.9,3.9
EMP-50503,Software Engineer,Senior,8.5,In-Office,United States,Medium (50-250),R & Statistics,179036,28328,207364,2.4,3.5
EMP-50504,Cloud Architect,Senior,7.6,Hybrid,United States,Large (250+),AWS / Cloud,230746,28282,259028,3.8,4.1
EMP-50505,ML Engineer,Senior,6.9,Fully Remote,Germany,Medium (50-250),PyTorch / TensorFlow,154983,60427,215410,4.4,4.0
EMP-50506,Product Manager,Lead / Principal,13.0,Hybrid,France,Medium (50-250),R & Statistics,117448,34760,152208,2.8,3.4
EMP-50507,Software Engineer,Entry-Level,1.6,Fully Remote,Singapore,Medium (50-250),Java & Spring,114775,0,114775,4.0,2.7
EMP-50508,Product Manager,Senior,7.3,Hybrid,United States,Large (250+),Java & Spring,200643,56050,256693,3.4,4.1
EMP-50509,Cloud Architect,Entry-Level,1.9,Fully Remote,United States,Medium (50-250),AWS / Cloud,181156,0,181156,3.5,3.6
EMP-50510,Data Engineer,Senior,6.7,In-Office,United Kingdom,Small (<50),AWS / Cloud,122140,48836,170976,3.1,4.5
EMP-50511,Data Scientist,Mid-Level,5.8,Hybrid,Germany,Medium (50-250),Python & SQL,123018,0,123018,3.3,3.3
EMP-50512,Product Manager,Mid-Level,5.6,Hybrid,Canada,Medium (50-250),Java & Spring,137815,0,137815,2.7,3.9
EMP-50513,DevOps Engineer,Mid-Level,5.1,Fully Remote,United States,Medium (50-250),AWS / Cloud,157442,50455,207897,3.9,4.6
EMP-50514,AI Research Scientist,Senior,6.5,Hybrid,Singapore,Medium (50-250),Python & SQL,164085,47111,211196,2.8,4.8
EMP-50515,AI Research Scientist,Mid-Level,5.3,Hybrid,Germany,Medium (50-250),PyTorch / TensorFlow,160049,41107,201156,3.2,3.1
EMP-50516,Data Scientist,Senior,10.0,Hybrid,India,Medium (50-250),Python & SQL,76470,27950,104420,4.3,3.3
EMP-50517,Software Engineer,Mid-Level,5.3,Hybrid,United Kingdom,Medium (50-250),R & Statistics,139696,24845,164541,2.7,3.0
EMP-50518,BI Analyst,Entry-Level,1.2,Hybrid,United States,Large (250+),R & Statistics,101005,34099,135104,3.5,2.2
EMP-50519,ML Engineer,Senior,9.2,In-Office,France,Large (250+),Python & SQL,166049,39178,205227,2.8,4.1
EMP-50520,Data Engineer,Mid-Level,5.5,Hybrid,United Kingdom,Medium (50-250),PyTorch / TensorFlow,144463,0,144463,1.8,3.7
EMP-50521,Data Scientist,Mid-Level,4.7,In-Office,India,Medium (50-250),R & Statistics,88424,0,88424,2.7,3.1
EMP-50522,BI Analyst,Senior,9.2,Hybrid,Singapore,Large (250+),Python & SQL,126716,0,126716,3.6,3.1
EMP-50523,Software Engineer,Mid-Level,4.4,Fully Remote,Germany,Medium (50-250),Java & Spring,125832,0,125832,3.6,2.3
EMP-50524,Software Engineer,Entry-Level,2.1,Fully Remote,United Kingdom,Medium (50-250),R & Statistics,113369,0,113369,5.0,3.1
EMP-50525,Data Scientist,Mid-Level,3.1,Fully Remote,United States,Large (250+),Python & SQL,167702,0,167702,4.5,3.4
EMP-50526,Data Scientist,Lead / Principal,13.8,In-Office,United States,Medium (50-250),Python & SQL,237287,102310,339597,4.0,4.8
EMP-50527,ML Engineer,Senior,6.4,Fully Remote,United States,Small (<50),PyTorch / TensorFlow,198705,23931,222636,3.8,4.1
EMP-50528,AI Research Scientist,Senior,8.2,Hybrid,United States,Large (250+),PyTorch / TensorFlow,275890,28860,304750,2.9,3.2
EMP-50529,DevOps Engineer,Senior,7.5,Hybrid,United States,Small (<50),AWS / Cloud,165014,0,165014,2.6,3.6
EMP-50530,Software Engineer,Mid-Level,4.6,Fully Remote,United States,Large (250+),Java & Spring,161600,62933,224533,4.7,4.7
EMP-50531,BI Analyst,Mid-Level,3.4,Hybrid,United States,Large (250+),R & Statistics,111412,13616,125028,4.7,4.2
EMP-50532,BI Analyst,Senior,9.5,Fully Remote,United States,Large (250+),Python & SQL,147417,58958,206375,2.8,4.7
EMP-50533,Data Engineer,Entry-Level,2.6,Fully Remote,United States,Small (<50),Kubernetes / Go,142245,15655,157900,3.2,3.8
EMP-50534,Software Engineer,Mid-Level,3.5,Hybrid,United States,Medium (50-250),R & Statistics,175358,41724,217082,3.9,3.1
EMP-50535,Product Manager,Mid-Level,3.3,Fully Remote,Germany,Medium (50-250),R & Statistics,118449,0,118449,4.7,2.7
EMP-50536,Software Engineer,Mid-Level,3.4,Fully Remote,United Kingdom,Medium (50-250),Java & Spring,138034,21236,159270,3.6,4.1
EMP-50537,ML Engineer,Executive,21.0,In-Office,United States,Small (<50),PyTorch / TensorFlow,280154,116304,396458,3.8,3.5
EMP-50538,Data Scientist,Entry-Level,2.1,Fully Remote,Germany,Medium (50-250),Python & SQL,128329,0,128329,4.1,3.8
EMP-50539,ML Engineer,Mid-Level,4.4,In-Office,India,Medium (50-250),PyTorch / TensorFlow,81666,0,81666,3.9,4.0
EMP-50540,Product Manager,Entry-Level,1.2,In-Office,United States,Small (<50),R & Statistics,136869,28806,165675,3.2,3.1
EMP-50541,Data Engineer,Executive,19.2,Fully Remote,Germany,Medium (50-250),Python & SQL,201415,37250,238665,3.9,4.1
EMP-50542,ML Engineer,Entry-Level,2.7,Fully Remote,Singapore,Large (250+),PyTorch / TensorFlow,173364,76403,249767,4.3,3.3
EMP-50543,Cloud Architect,Mid-Level,5.5,Hybrid,India,Large (250+),Kubernetes / Go,114269,0,114269,2.9,4.3
EMP-50544,Data Engineer,Senior,9.1,Hybrid,United States,Large (250+),R & Statistics,204308,58040,262348,3.9,3.0
EMP-50545,Data Scientist,Senior,6.4,Fully Remote,Germany,Medium (50-250),Python & SQL,150423,36389,186812,4.0,4.7
EMP-50546,ML Engineer,Mid-Level,3.3,Hybrid,United States,Large (250+),PyTorch / TensorFlow,187714,54628,242342,3.4,3.4
EMP-50547,Cloud Architect,Mid-Level,3.1,Fully Remote,United Kingdom,Large (250+),AWS / Cloud,160917,0,160917,3.3,2.9
EMP-50548,Data Engineer,Mid-Level,3.8,In-Office,France,Medium (50-250),Kubernetes / Go,110370,0,110370,2.9,3.9
EMP-50549,Software Engineer,Mid-Level,3.4,Fully Remote,United Kingdom,Small (<50),R & Statistics,113391,0,113391,3.9,2.8
EMP-50550,Data Engineer,Mid-Level,3.8,Fully Remote,Australia,Medium (50-250),AWS / Cloud,138609,35967,174576,3.9,3.9
EMP-50551,DevOps Engineer,Mid-Level,4.2,Fully Remote,United States,Medium (50-250),AWS / Cloud,163670,0,163670,4.2,3.5
EMP-50552,Data Engineer,Mid-Level,5.8,In-Office,France,Medium (50-250),Kubernetes / Go,124885,0,124885,2.2,3.4
EMP-50553,Data Engineer,Mid-Level,4.8,Hybrid,United Kingdom,Medium (50-250),Python & SQL,154638,61764,216402,1.0,5.0
EMP-50554,DevOps Engineer,Senior,10.2,Hybrid,United States,Large (250+),Kubernetes / Go,212305,90657,302962,2.7,3.2
EMP-50555,Data Scientist,Lead / Principal,14.3,Fully Remote,United Kingdom,Medium (50-250),R & Statistics,177680,26402,204082,4.4,4.2
EMP-50556,ML Engineer,Senior,6.6,Fully Remote,United States,Small (<50),PyTorch / TensorFlow,189727,40865,230592,5.0,3.2
EMP-50557,AI Research Scientist,Entry-Level,2.5,Fully Remote,United States,Large (250+),PyTorch / TensorFlow,221311,0,221311,3.0,3.6
EMP-50558,Software Engineer,Entry-Level,1.6,Hybrid,India,Medium (50-250),Kubernetes / Go,46917,0,46917,2.5,4.0
EMP-50559,Data Engineer,Lead / Principal,13.8,Hybrid,United States,Large (250+),AWS / Cloud,259511,91271,350782,2.9,3.6
EMP-50560,Cloud Architect,Mid-Level,4.0,Hybrid,Canada,Small (<50),AWS / Cloud,135498,48461,183959,3.3,3.3
EMP-50561,ML Engineer,Entry-Level,3.0,Fully Remote,United States,Large (250+),PyTorch / TensorFlow,196526,73431,269957,3.5,3.1
EMP-50562,ML Engineer,Senior,7.3,In-Office,United States,Small (<50),PyTorch / TensorFlow,209402,57449,266851,3.8,4.7
EMP-50563,AI Research Scientist,Senior,7.4,Fully Remote,France,Medium (50-250),PyTorch / TensorFlow,183101,61271,244372,3.6,2.6
EMP-50564,Data Scientist,Senior,10.7,In-Office,United States,Small (<50),Python & SQL,177632,0,177632,3.5,4.4
EMP-50565,Data Engineer,Mid-Level,3.1,Fully Remote,United Kingdom,Large (250+),PyTorch / TensorFlow,123955,33410,157365,3.7,3.5
EMP-50566,Data Scientist,Entry-Level,2.4,Hybrid,United Kingdom,Large (250+),R & Statistics,122893,0,122893,3.7,4.0
EMP-50567,Data Scientist,Lead / Principal,14.4,Fully Remote,United Kingdom,Medium (50-250),R & Statistics,152773,41003,193776,4.0,3.9
EMP-50568,DevOps Engineer,Mid-Level,5.5,Hybrid,Australia,Large (250+),AWS / Cloud,149970,58635,208605,4.3,3.7
EMP-50569,Data Scientist,Senior,10.9,Hybrid,Germany,Medium (50-250),Python & SQL,130797,44741,175538,3.8,4.1
EMP-50570,Data Engineer,Senior,10.9,Hybrid,United States,Medium (50-250),AWS / Cloud,224144,69388,293532,3.6,3.6
EMP-50571,Software Engineer,Senior,6.3,Fully Remote,India,Large (250+),PyTorch / TensorFlow,88199,12608,100807,4.6,3.6
EMP-50572,Data Scientist,Mid-Level,5.5,Hybrid,United States,Medium (50-250),R & Statistics,170655,0,170655,2.2,4.4
EMP-50573,Data Engineer,Mid-Level,4.9,Hybrid,United Kingdom,Medium (50-250),AWS / Cloud,139012,49012,188024,3.5,3.8
EMP-50574,DevOps Engineer,Senior,9.2,In-Office,Singapore,Large (250+),AWS / Cloud,170348,37322,207670,3.0,2.7
EMP-50575,Product Manager,Lead / Principal,10.8,Fully Remote,Germany,Large (250+),Java & Spring,174140,44618,218758,4.6,3.0
EMP-50576,ML Engineer,Lead / Principal,13.9,Hybrid,India,Large (250+),Python & SQL,116287,44867,161154,3.0,4.5
EMP-50577,Product Manager,Entry-Level,3.0,Hybrid,Germany,Large (250+),AWS / Cloud,125628,0,125628,3.6,3.6
EMP-50578,Data Engineer,Entry-Level,2.8,Fully Remote,India,Small (<50),Java & Spring,57031,20865,77896,3.1,4.2
EMP-50579,ML Engineer,Lead / Principal,12.6,Hybrid,Singapore,Large (250+),PyTorch / TensorFlow,225894,88489,314383,3.6,3.3
EMP-50580,Data Scientist,Senior,6.2,Fully Remote,United States,Medium (50-250),Python & SQL,180742,63984,244726,4.3,4.5
EMP-50581,BI Analyst,Lead / Principal,12.2,Fully Remote,United States,Large (250+),R & Statistics,180105,65601,245706,3.2,4.4
EMP-50582,Data Engineer,Mid-Level,5.5,Fully Remote,United Kingdom,Medium (50-250),AWS / Cloud,147244,49856,197100,3.9,2.5
EMP-50583,Data Scientist,Senior,9.5,Fully Remote,Germany,Medium (50-250),Python & SQL,152687,56515,209202,3.3,3.1
EMP-50584,Cloud Architect,Senior,8.3,Hybrid,United States,Medium (50-250),AWS / Cloud,230330,42531,272861,4.0,4.2
EMP-50585,ML Engineer,Senior,6.3,Hybrid,United States,Medium (50-250),PyTorch / TensorFlow,198116,63211,261327,3.9,4.0
EMP-50586,AI Research Scientist,Mid-Level,4.3,In-Office,United States,Small (<50),PyTorch / TensorFlow,203361,0,203361,3.6,4.4
EMP-50587,ML Engineer,Entry-Level,1.9,Hybrid,Singapore,Large (250+),Python & SQL,139700,52083,191783,3.2,4.6
EMP-50588,ML Engineer,Senior,10.6,Fully Remote,Germany,Large (250+),Python & SQL,198433,29855,228288,4.0,3.7
EMP-50589,ML Engineer,Mid-Level,4.9,In-Office,United States,Small (<50),Python & SQL,176616,0,176616,3.4,3.1
EMP-50590,ML Engineer,Mid-Level,3.9,In-Office,United States,Large (250+),Python & SQL,210826,0,210826,3.5,4.5
EMP-50591,Cloud Architect,Lead / Principal,13.2,Hybrid,United States,Medium (50-250),AWS / Cloud,243249,60279,303528,3.6,4.5
EMP-50592,ML Engineer,Mid-Level,3.2,Hybrid,United States,Medium (50-250),PyTorch / TensorFlow,180014,34495,214509,2.8,3.5
EMP-50593,Data Scientist,Senior,10.9,In-Office,United States,Medium (50-250),Python & SQL,200732,0,200732,3.9,3.6
EMP-50594,DevOps Engineer,Mid-Level,4.1,Hybrid,Australia,Large (250+),Kubernetes / Go,155312,0,155312,4.4,3.9
EMP-50595,Data Scientist,Senior,8.4,In-Office,France,Large (250+),Python & SQL,150471,0,150471,3.7,3.5
EMP-50596,Cloud Architect,Executive,16.8,Fully Remote,United States,Medium (50-250),Kubernetes / Go,283448,67781,351229,3.9,5.0
EMP-50597,ML Engineer,Entry-Level,2.4,Fully Remote,United States,Medium (50-250),Python & SQL,188181,0,188181,3.8,3.7
EMP-50598,ML Engineer,Entry-Level,2.3,Hybrid,United States,Small (<50),PyTorch / TensorFlow,131206,0,131206,2.7,2.6
EMP-50599,AI Research Scientist,Mid-Level,5.1,Hybrid,United Kingdom,Medium (50-250),PyTorch / TensorFlow,155634,0,155634,3.6,3.3
EMP-50600,ML Engineer,Entry-Level,1.5,Hybrid,United States,Small (<50),PyTorch / TensorFlow,145231,0,145231,2.8,3.4
EMP-50601,ML Engineer,Senior,7.6,In-Office,United States,Small (<50),PyTorch / TensorFlow,190621,65696,256317,2.9,3.5
EMP-50602,ML Engineer,Lead / Principal,10.8,Fully Remote,United States,Medium (50-250),PyTorch / TensorFlow,221149,77581,298730,4.6,3.8
EMP-50603,AI Research Scientist,Mid-Level,5.0,Fully Remote,Canada,Large (250+),PyTorch / TensorFlow,194937,40378,235315,5.0,3.6
EMP-50604,ML Engineer,Mid-Level,3.1,Hybrid,Canada,Medium (50-250),PyTorch / TensorFlow,159631,0,159631,2.4,3.7
EMP-50605,Data Scientist,Mid-Level,4.8,Hybrid,Germany,Small (<50),R & Statistics,98999,26914,125913,3.1,3.7
EMP-50606,ML Engineer,Senior,10.3,Fully Remote,United States,Medium (50-250),PyTorch / TensorFlow,250505,70062,320567,3.6,5.0
EMP-50607,Data Scientist,Entry-Level,2.8,Hybrid,Australia,Large (250+),Python & SQL,125382,0,125382,3.2,5.0
EMP-50608,Data Engineer,Senior,8.2,Hybrid,Singapore,Large (250+),Python & SQL,183279,82134,265413,2.9,3.8
EMP-50609,Cloud Architect,Senior,8.3,Hybrid,United States,Large (250+),AWS / Cloud,223438,41933,265371,3.3,4.8
EMP-50610,AI Research Scientist,Senior,6.4,Hybrid,United States,Medium (50-250),PyTorch / TensorFlow,224132,94727,318859,3.1,3.1
EMP-50611,Software Engineer,Mid-Level,5.0,Fully Remote,United Kingdom,Large (250+),Java & Spring,148324,0,148324,4.2,4.0
EMP-50612,Data Engineer,Senior,10.1,In-Office,United States,Small (<50),AWS / Cloud,185179,51343,236522,2.6,4.1
EMP-50613,AI Research Scientist,Entry-Level,1.5,Hybrid,United States,Medium (50-250),PyTorch / TensorFlow,171005,0,171005,3.1,2.7
EMP-50614,DevOps Engineer,Mid-Level,4.3,Fully Remote,United Kingdom,Medium (50-250),AWS / Cloud,125602,0,125602,2.9,3.7
EMP-50615,Product Manager,Lead / Principal,15.0,Fully Remote,United Kingdom,Medium (50-250),R & Statistics,166572,68050,234622,3.1,3.9
EMP-50616,AI Research Scientist,Senior,10.4,Hybrid,United States,Large (250+),PyTorch / TensorFlow,265296,42342,307638,3.7,3.8
EMP-50617,ML Engineer,Entry-Level,1.5,Fully Remote,United Kingdom,Large (250+),PyTorch / TensorFlow,125196,0,125196,4.4,3.0
EMP-50618,Software Engineer,Mid-Level,4.7,Fully Remote,Singapore,Small (<50),AWS / Cloud,108764,0,108764,4.8,5.0
EMP-50619,Software Engineer,Mid-Level,3.6,Hybrid,United States,Small (<50),Python & SQL,141296,39991,181287,4.3,2.9
EMP-50620,ML Engineer,Mid-Level,3.3,Fully Remote,Germany,Medium (50-250),PyTorch / TensorFlow,147491,36943,184434,4.1,3.6
EMP-50621,ML Engineer,Mid-Level,5.7,Hybrid,United States,Medium (50-250),PyTorch / TensorFlow,197506,0,197506,2.8,3.1
EMP-50622,Data Scientist,Entry-Level,2.6,Fully Remote,United States,Medium (50-250),Python & SQL,170359,29238,199597,3.5,3.8
EMP-50623,Data Engineer,Mid-Level,5.3,Hybrid,United Kingdom,Large (250+),R & Statistics,143968,50988,194956,2.9,3.6
EMP-50624,Data Engineer,Senior,6.2,Fully Remote,United States,Large (250+),Python & SQL,219864,97835,317699,4.7,3.4
EMP-50625,Data Scientist,Senior,10.2,Fully Remote,United States,Medium (50-250),R & Statistics,232169,36506,268675,3.8,3.5
EMP-50626,Data Scientist,Senior,8.2,Fully Remote,United States,Large (250+),Python & SQL,188092,81016,269108,3.9,4.2
EMP-50627,Software Engineer,Entry-Level,1.7,In-Office,United Kingdom,Medium (50-250),Kubernetes / Go,125289,0,125289,3.7,4.8
EMP-50628,AI Research Scientist,Lead / Principal,13.3,In-Office,Germany,Small (<50),PyTorch / TensorFlow,173465,48334,221799,4.2,3.5
EMP-50629,ML Engineer,Senior,6.5,Fully Remote,United States,Medium (50-250),PyTorch / TensorFlow,203003,49346,252349,3.9,3.7
EMP-50630,Cloud Architect,Senior,9.8,Hybrid,Germany,Medium (50-250),Kubernetes / Go,156335,65760,222095,3.4,3.3
EMP-50631,DevOps Engineer,Senior,8.9,Hybrid,United States,Large (250+),AWS / Cloud,200472,24718,225190,2.6,3.6
EMP-50632,Data Engineer,Lead / Principal,11.1,In-Office,Germany,Small (<50),PyTorch / TensorFlow,139896,36887,176783,2.4,2.1
EMP-50633,Data Engineer,Senior,6.9,Fully Remote,United States,Medium (50-250),PyTorch / TensorFlow,185888,0,185888,4.9,3.7
EMP-50634,ML Engineer,Mid-Level,3.6,Hybrid,Germany,Medium (50-250),PyTorch / TensorFlow,142209,0,142209,3.0,4.1
EMP-50635,Data Scientist,Senior,6.3,Fully Remote,France,Large (250+),Python & SQL,142387,54055,196442,4.1,2.8
EMP-50636,Data Engineer,Senior,8.9,Fully Remote,Singapore,Medium (50-250),Kubernetes / Go,172174,23734,195908,2.9,2.6
EMP-50637,ML Engineer,Senior,10.2,In-Office,United States,Large (250+),PyTorch / TensorFlow,264177,52954,317131,3.3,5.0
EMP-50638,ML Engineer,Mid-Level,3.1,Hybrid,Australia,Large (250+),PyTorch / TensorFlow,174234,39371,213605,1.7,3.2
EMP-50639,Data Scientist,Entry-Level,1.1,Fully Remote,United States,Medium (50-250),R & Statistics,139280,0,139280,4.0,4.5
EMP-50640,AI Research Scientist,Mid-Level,4.7,Fully Remote,Singapore,Medium (50-250),PyTorch / TensorFlow,170118,0,170118,4.3,4.1
EMP-50641,Data Scientist,Lead / Principal,14.9,Hybrid,United States,Large (250+),Python & SQL,234302,74795,309097,2.3,4.2
EMP-50642,ML Engineer,Senior,7.6,Hybrid,United States,Medium (50-250),PyTorch / TensorFlow,223030,32134,255164,4.1,4.1
EMP-50643,Data Scientist,Senior,7.7,Fully Remote,United States,Large (250+),Python & SQL,201375,85182,286557,3.4,3.9
EMP-50644,ML Engineer,Mid-Level,4.8,In-Office,United States,Small (<50),PyTorch / TensorFlow,162387,23574,185961,2.6,3.3
EMP-50645,DevOps Engineer,Mid-Level,3.8,Fully Remote,Canada,Small (<50),AWS / Cloud,141492,0,141492,4.2,4.1
EMP-50646,Data Engineer,Lead / Principal,10.2,Fully Remote,Singapore,Large (250+),Java & Spring,184128,69459,253587,3.6,4.1
EMP-50647,Cloud Architect,Senior,9.7,In-Office,Germany,Large (250+),Kubernetes / Go,188926,67108,256034,4.6,3.4
EMP-50648,Software Engineer,Senior,9.1,Fully Remote,Canada,Large (250+),PyTorch / TensorFlow,150139,62051,212190,3.3,3.9
EMP-50649,Data Engineer,Mid-Level,4.7,Fully Remote,Canada,Medium (50-250),R & Statistics,159187,53640,212827,5.0,4.0
EMP-50650,AI Research Scientist,Senior,9.7,Hybrid,United States,Large (250+),PyTorch / TensorFlow,278079,64185,342264,4.0,3.7
EMP-50651,Data Engineer,Mid-Level,5.0,In-Office,United States,Large (250+),Kubernetes / Go,197072,0,197072,3.9,3.4
EMP-50652,Data Engineer,Senior,7.0,Fully Remote,United States,Large (250+),AWS / Cloud,207199,89844,297043,3.4,4.1
EMP-50653,Software Engineer,Mid-Level,4.1,In-Office,United States,Medium (50-250),R & Statistics,157969,57038,215007,4.2,3.6
EMP-50654,Data Scientist,Mid-Level,3.4,Hybrid,United States,Medium (50-250),Python & SQL,132782,54987,187769,3.6,3.4
EMP-50655,ML Engineer,Senior,6.6,Fully Remote,United States,Large (250+),Python & SQL,227002,90203,317205,3.5,2.8
EMP-50656,Data Scientist,Lead / Principal,14.1,Hybrid,United States,Medium (50-250),R & Statistics,240547,97611,338158,3.7,3.5
EMP-50657,Data Scientist,Entry-Level,2.7,Fully Remote,United States,Medium (50-250),R & Statistics,167636,0,167636,3.4,4.1
EMP-50658,Cloud Architect,Senior,10.8,Fully Remote,Australia,Medium (50-250),Kubernetes / Go,192012,83115,275127,3.8,4.9
EMP-50659,Data Engineer,Mid-Level,4.9,Hybrid,United States,Medium (50-250),Java & Spring,174204,55612,229816,3.0,2.4
EMP-50660,Data Scientist,Mid-Level,3.6,In-Office,United Kingdom,Medium (50-250),Python & SQL,115850,0,115850,2.6,3.5
EMP-50661,BI Analyst,Entry-Level,1.2,Fully Remote,United Kingdom,Small (<50),R & Statistics,70630,0,70630,4.6,4.2
EMP-50662,Data Engineer,Mid-Level,5.4,Hybrid,United Kingdom,Large (250+),Java & Spring,149820,27271,177091,3.3,2.6
EMP-50663,ML Engineer,Mid-Level,4.7,Hybrid,United States,Medium (50-250),PyTorch / TensorFlow,169796,41733,211529,3.7,3.5
EMP-50664,ML Engineer,Entry-Level,2.2,Fully Remote,United States,Medium (50-250),PyTorch / TensorFlow,172114,0,172114,3.5,4.6
EMP-50665,ML Engineer,Mid-Level,5.3,Fully Remote,United States,Small (<50),Python & SQL,175990,0,175990,3.1,3.4
EMP-50666,ML Engineer,Lead / Principal,14.2,Fully Remote,United States,Small (<50),Python & SQL,259657,83609,343266,3.8,4.3
EMP-50667,ML Engineer,Entry-Level,2.7,Hybrid,United States,Medium (50-250),PyTorch / TensorFlow,163601,40073,203674,2.3,4.6
EMP-50668,ML Engineer,Senior,6.3,Hybrid,United Kingdom,Large (250+),Python & SQL,167831,74199,242030,3.1,3.4
EMP-50669,Data Scientist,Mid-Level,5.2,Fully Remote,Germany,Small (<50),Python & SQL,115834,0,115834,3.1,3.8
EMP-50670,ML Engineer,Senior,10.3,Hybrid,United Kingdom,Large (250+),Python & SQL,182854,36360,219214,3.2,3.6
EMP-50671,DevOps Engineer,Mid-Level,3.9,Hybrid,United States,Small (<50),Kubernetes / Go,112705,22141,134846,2.7,4.2
EMP-50672,AI Research Scientist,Entry-Level,2.3,Hybrid,United States,Small (<50),PyTorch / TensorFlow,189142,27769,216911,3.3,4.4
EMP-50673,Data Engineer,Entry-Level,1.6,Fully Remote,India,Small (<50),R & Statistics,42000,0,42000,3.0,4.1
EMP-50674,Data Scientist,Entry-Level,2.9,Hybrid,United States,Small (<50),Python & SQL,160638,0,160638,3.9,4.5
EMP-50675,BI Analyst,Mid-Level,3.1,Fully Remote,Canada,Large (250+),R & Statistics,99585,0,99585,3.6,4.1
EMP-50676,ML Engineer,Senior,8.9,Fully Remote,Canada,Large (250+),PyTorch / TensorFlow,207519,45423,252942,4.3,3.2
EMP-50677,Data Scientist,Lead / Principal,11.0,Hybrid,United States,Medium (50-250),Python & SQL,216609,77957,294566,4.0,4.4
EMP-50678,BI Analyst,Senior,9.6,Fully Remote,United States,Small (<50),R & Statistics,149981,30044,180025,3.9,3.6
EMP-50679,DevOps Engineer,Senior,6.9,Fully Remote,United Kingdom,Medium (50-250),AWS / Cloud,133753,0,133753,4.1,1.8
EMP-50680,Software Engineer,Entry-Level,1.5,Fully Remote,United States,Medium (50-250),PyTorch / TensorFlow,130587,0,130587,2.3,3.7
EMP-50681,ML Engineer,Mid-Level,4.5,Fully Remote,United States,Large (250+),PyTorch / TensorFlow,212560,0,212560,3.0,4.8
EMP-50682,ML Engineer,Mid-Level,5.7,Fully Remote,United States,Medium (50-250),PyTorch / TensorFlow,183976,0,183976,4.1,2.7
EMP-50683,Cloud Architect,Mid-Level,3.6,In-Office,United States,Large (250+),AWS / Cloud,160973,65463,226436,3.0,4.1
EMP-50684,Product Manager,Mid-Level,3.4,Fully Remote,United Kingdom,Medium (50-250),AWS / Cloud,123758,0,123758,4.2,1.7
EMP-50685,Data Engineer,Senior,9.8,Fully Remote,India,Medium (50-250),Python & SQL,82139,20956,103095,2.2,2.5
EMP-50686,Data Engineer,Mid-Level,4.5,Fully Remote,United States,Medium (50-250),PyTorch / TensorFlow,161452,36700,198152,4.0,3.7
EMP-50687,ML Engineer,Mid-Level,5.7,In-Office,Singapore,Small (<50),PyTorch / TensorFlow,155497,0,155497,2.8,3.2
EMP-50688,Software Engineer,Senior,6.7,Hybrid,Singapore,Large (250+),AWS / Cloud,162199,27125,189324,3.2,4.4
EMP-50689,ML Engineer,Senior,9.2,Fully Remote,Singapore,Medium (50-250),PyTorch / TensorFlow,175434,20053,195487,4.3,4.9
EMP-50690,Data Scientist,Mid-Level,3.7,In-Office,India,Large (250+),Python & SQL,74367,25190,99557,3.2,4.5
EMP-50691,Data Scientist,Lead / Principal,10.9,Fully Remote,United States,Small (<50),Python & SQL,187880,77283,265163,4.7,2.7
EMP-50692,Data Engineer,Lead / Principal,14.1,Fully Remote,United States,Large (250+),R & Statistics,257675,65980,323655,4.0,3.5
EMP-50693,ML Engineer,Mid-Level,4.8,Fully Remote,United Kingdom,Small (<50),Python & SQL,144696,47169,191865,3.3,3.1
EMP-50694,ML Engineer,Mid-Level,5.3,Fully Remote,United Kingdom,Large (250+),Python & SQL,146258,0,146258,3.8,3.3
EMP-50695,Data Engineer,Mid-Level,3.9,Fully Remote,India,Large (250+),Python & SQL,89776,16591,106367,3.0,3.8
EMP-50696,Data Scientist,Lead / Principal,12.7,Hybrid,France,Large (250+),R & Statistics,144973,61767,206740,4.3,2.3
EMP-50697,Data Engineer,Lead / Principal,12.4,Fully Remote,United Kingdom,Medium (50-250),Python & SQL,166309,34937,201246,2.6,3.9
EMP-50698,ML Engineer,Entry-Level,3.0,Hybrid,United States,Large (250+),PyTorch / TensorFlow,209676,0,209676,4.1,4.1
EMP-50699,Data Engineer,Mid-Level,3.9,Fully Remote,United States,Medium (50-250),Java & Spring,156405,0,156405,4.3,3.0
EMP-50700,Data Engineer,Senior,7.5,Fully Remote,United States,Small (<50),AWS / Cloud,179393,66450,245843,5.0,3.3
EMP-50701,AI Research Scientist,Mid-Level,4.1,Fully Remote,United Kingdom,Medium (50-250),PyTorch / TensorFlow,166824,67747,234571,1.7,5.0
EMP-50702,Data Scientist,Mid-Level,4.7,In-Office,United Kingdom,Small (<50),Python & SQL,103669,43970,147639,4.0,2.8
EMP-50703,ML Engineer,Lead / Principal,11.5,Fully Remote,India,Large (250+),Python & SQL,134313,0,134313,3.7,3.7
EMP-50704,AI Research Scientist,Senior,10.6,Hybrid,United Kingdom,Small (<50),PyTorch / TensorFlow,174175,0,174175,4.0,3.4
EMP-50705,BI Analyst,Senior,7.3,Fully Remote,Australia,Medium (50-250),Python & SQL,115889,25298,141187,3.4,3.0
EMP-50706,Data Scientist,Lead / Principal,15.4,Fully Remote,Germany,Medium (50-250),Python & SQL,171098,22065,193163,4.4,4.0
EMP-50707,Software Engineer,Senior,6.5,Fully Remote,India,Medium (50-250),Kubernetes / Go,74226,19238,93464,2.9,4.3
EMP-50708,ML Engineer,Mid-Level,5.0,Fully Remote,United States,Medium (50-250),PyTorch / TensorFlow,192459,77071,269530,3.6,3.6
EMP-50709,Cloud Architect,Senior,10.5,Fully Remote,India,Small (<50),AWS / Cloud,83628,0,83628,4.2,3.1
EMP-50710,Software Engineer,Entry-Level,1.3,Fully Remote,Germany,Medium (50-250),Python & SQL,93685,0,93685,2.9,3.5
EMP-50711,Data Engineer,Senior,10.8,Hybrid,United States,Medium (50-250),R & Statistics,207248,43930,251178,3.5,4.5
EMP-50712,Data Scientist,Entry-Level,1.9,Fully Remote,United States,Large (250+),R & Statistics,160618,0,160618,3.5,3.8
EMP-50713,Data Scientist,Senior,10.7,Hybrid,Australia,Large (250+),Python & SQL,191762,36004,227766,3.3,3.9
EMP-50714,Data Scientist,Mid-Level,5.0,Fully Remote,United States,Large (250+),Python & SQL,192709,0,192709,2.7,3.6
EMP-50715,Product Manager,Entry-Level,1.6,Hybrid,United Kingdom,Small (<50),R & Statistics,79017,0,79017,3.7,4.1
EMP-50716,Software Engineer,Entry-Level,1.4,Hybrid,United States,Medium (50-250),Kubernetes / Go,144525,55397,199922,4.4,3.1
EMP-50717,BI Analyst,Entry-Level,1.6,Fully Remote,Germany,Small (<50),Python & SQL,66048,0,66048,3.1,4.9
EMP-50718,ML Engineer,Senior,6.5,Fully Remote,India,Small (<50),PyTorch / TensorFlow,47918,8025,55943,4.0,2.8
EMP-50719,Software Engineer,Senior,6.7,Hybrid,United States,Medium (50-250),R & Statistics,169100,69733,238833,3.1,4.3
EMP-50720,Product Manager,Mid-Level,3.3,In-Office,United States,Medium (50-250),Python & SQL,169900,64970,234870,3.4,3.4
EMP-50721,ML Engineer,Entry-Level,1.8,Fully Remote,France,Medium (50-250),PyTorch / TensorFlow,108693,0,108693,4.0,2.7
EMP-50722,AI Research Scientist,Entry-Level,2.6,Fully Remote,Canada,Medium (50-250),Python & SQL,155574,0,155574,5.0,4.0
EMP-50723,Software Engineer,Entry-Level,1.3,In-Office,Australia,Large (250+),R & Statistics,130537,13207,143744,4.0,3.7
EMP-50724,Data Engineer,Entry-Level,1.3,Fully Remote,United States,Medium (50-250),Java & Spring,135491,0,135491,4.2,4.5
EMP-50725,Software Engineer,Lead / Principal,13.9,Hybrid,United States,Medium (50-250),PyTorch / TensorFlow,233451,39925,273376,2.6,3.2
EMP-50726,ML Engineer,Mid-Level,3.6,Fully Remote,United States,Medium (50-250),Python & SQL,192635,0,192635,4.4,3.7
EMP-50727,Software Engineer,Mid-Level,3.3,Fully Remote,Canada,Medium (50-250),AWS / Cloud,126900,0,126900,3.7,4.0
EMP-50728,ML Engineer,Entry-Level,1.3,Hybrid,United States,Small (<50),PyTorch / TensorFlow,135951,41075,177026,3.9,4.0
EMP-50729,ML Engineer,Mid-Level,5.8,Hybrid,United States,Medium (50-250),PyTorch / TensorFlow,222746,36449,259195,3.5,4.5
EMP-50730,ML Engineer,Mid-Level,5.5,Fully Remote,United States,Medium (50-250),Python & SQL,203545,52944,256489,5.0,3.4
EMP-50731,Software Engineer,Senior,7.8,Hybrid,United States,Large (250+),Python & SQL,217612,59815,277427,3.4,2.8
EMP-50732,Cloud Architect,Mid-Level,5.0,Hybrid,India,Large (250+),Kubernetes / Go,85167,16536,101703,2.0,4.2
EMP-50733,Data Engineer,Entry-Level,2.1,Hybrid,United States,Medium (50-250),PyTorch / TensorFlow,169014,0,169014,2.9,3.3
EMP-50734,Data Scientist,Mid-Level,5.0,Fully Remote,Germany,Medium (50-250),Python & SQL,105699,28571,134270,4.2,3.3
EMP-50735,DevOps Engineer,Mid-Level,5.0,Hybrid,Singapore,Small (<50),AWS / Cloud,110372,14205,124577,2.9,3.5
EMP-50736,Data Scientist,Mid-Level,4.9,Hybrid,United States,Large (250+),Python & SQL,202690,0,202690,4.5,2.8
EMP-50737,Software Engineer,Lead / Principal,11.6,Hybrid,Germany,Medium (50-250),PyTorch / TensorFlow,138613,30442,169055,3.1,4.1
EMP-50738,Data Scientist,Senior,6.2,Hybrid,France,Medium (50-250),R & Statistics,105611,14269,119880,2.3,4.3
EMP-50739,Data Scientist,Senior,8.3,Fully Remote,Singapore,Small (<50),Python & SQL,134691,0,134691,2.1,4.0
EMP-50740,Data Scientist,Mid-Level,5.7,Hybrid,United States,Small (<50),Python & SQL,130812,0,130812,3.5,2.8
EMP-50741,Data Scientist,Mid-Level,4.7,Hybrid,United States,Large (250+),Python & SQL,190459,55889,246348,2.8,3.6
EMP-50742,Software Engineer,Senior,10.2,Fully Remote,United States,Medium (50-250),PyTorch / TensorFlow,202946,56586,259532,4.4,5.0
EMP-50743,Data Engineer,Senior,11.0,Fully Remote,Germany,Medium (50-250),R & Statistics,167556,60485,228041,4.1,3.5
EMP-50744,ML Engineer,Senior,6.8,Fully Remote,Canada,Medium (50-250),PyTorch / TensorFlow,177329,47909,225238,3.7,4.2
EMP-50745,DevOps Engineer,Entry-Level,2.4,Hybrid,Germany,Medium (50-250),AWS / Cloud,98669,0,98669,3.2,5.0
EMP-50746,Data Scientist,Mid-Level,5.0,Fully Remote,United States,Large (250+),Python & SQL,183121,0,183121,4.2,4.4
EMP-50747,Data Engineer,Mid-Level,5.9,Hybrid,United States,Large (250+),Kubernetes / Go,190137,0,190137,3.5,4.1
EMP-50748,DevOps Engineer,Lead / Principal,15.9,In-Office,United Kingdom,Medium (50-250),AWS / Cloud,190174,0,190174,2.5,2.7
EMP-50749,Data Engineer,Senior,9.4,Hybrid,United Kingdom,Small (<50),Java & Spring,140961,0,140961,3.6,3.7
EMP-50750,ML Engineer,Senior,7.2,In-Office,Canada,Medium (50-250),PyTorch / TensorFlow,160165,37756,197921,3.0,4.7
EMP-50751,Product Manager,Entry-Level,2.6,In-Office,United States,Medium (50-250),R & Statistics,159200,0,159200,2.3,5.0
EMP-50752,Data Engineer,Senior,6.5,Fully Remote,United States,Medium (50-250),R & Statistics,185099,56285,241384,4.1,3.7
EMP-50753,Data Scientist,Entry-Level,2.6,Hybrid,United States,Medium (50-250),Python & SQL,143640,54383,198023,4.0,4.3
EMP-50754,ML Engineer,Mid-Level,5.7,Fully Remote,United States,Small (<50),PyTorch / TensorFlow,172659,0,172659,4.7,4.7
EMP-50755,Software Engineer,Entry-Level,1.8,In-Office,United States,Medium (50-250),Java & Spring,155764,34965,190729,2.9,3.3
EMP-50756,Data Engineer,Senior,9.2,Fully Remote,United States,Small (<50),Python & SQL,192742,26232,218974,3.8,3.2
EMP-50757,Data Engineer,Mid-Level,4.3,In-Office,United States,Large (250+),Java & Spring,191813,0,191813,4.1,3.9
EMP-50758,DevOps Engineer,Mid-Level,4.3,Hybrid,United States,Medium (50-250),AWS / Cloud,149203,53808,203011,3.5,4.2
EMP-50759,Software Engineer,Lead / Principal,11.9,Hybrid,United States,Large (250+),AWS / Cloud,228624,40237,268861,3.6,3.3
EMP-50760,ML Engineer,Mid-Level,5.3,Fully Remote,Canada,Small (<50),PyTorch / TensorFlow,127923,20890,148813,3.1,3.5
EMP-50761,Data Scientist,Mid-Level,5.8,Fully Remote,United States,Medium (50-250),Python & SQL,173063,22903,195966,2.9,3.5
EMP-50762,ML Engineer,Mid-Level,5.8,Hybrid,Germany,Large (250+),Python & SQL,166174,19885,186059,2.5,4.7
EMP-50763,Software Engineer,Entry-Level,1.3,Fully Remote,Canada,Medium (50-250),R & Statistics,98965,0,98965,3.2,4.2
EMP-50764,AI Research Scientist,Senior,10.4,Hybrid,United Kingdom,Large (250+),Python & SQL,221491,77644,299135,3.8,3.0
EMP-50765,Data Engineer,Entry-Level,2.5,Fully Remote,Singapore,Medium (50-250),AWS / Cloud,123319,37166,160485,3.0,3.3
EMP-50766,Software Engineer,Mid-Level,3.8,Hybrid,United States,Medium (50-250),Kubernetes / Go,154169,0,154169,2.7,1.9
EMP-50767,DevOps Engineer,Senior,6.3,Fully Remote,Canada,Medium (50-250),Kubernetes / Go,124144,53814,177958,3.1,3.9
EMP-50768,Data Scientist,Senior,7.3,Hybrid,Singapore,Medium (50-250),Python & SQL,142378,40254,182632,4.0,4.1
EMP-50769,Software Engineer,Senior,10.6,Hybrid,India,Medium (50-250),Python & SQL,86849,11308,98157,2.9,3.4
EMP-50770,ML Engineer,Mid-Level,4.9,Fully Remote,United States,Medium (50-250),PyTorch / TensorFlow,193453,77436,270889,4.3,3.5
EMP-50771,Software Engineer,Entry-Level,2.4,Fully Remote,United States,Medium (50-250),Python & SQL,137419,0,137419,3.6,3.6
EMP-50772,ML Engineer,Senior,7.3,Fully Remote,United States,Medium (50-250),PyTorch / TensorFlow,224996,89413,314409,3.7,4.2
EMP-50773,Data Scientist,Senior,9.6,Hybrid,United Kingdom,Small (<50),Python & SQL,130820,49242,180062,3.4,4.1
EMP-50774,Software Engineer,Senior,6.1,Hybrid,Canada,Small (<50),Java & Spring,123606,51341,174947,3.4,3.3
EMP-50775,ML Engineer,Senior,7.9,Hybrid,United States,Small (<50),PyTorch / TensorFlow,193545,0,193545,3.0,4.0
EMP-50776,ML Engineer,Senior,9.1,Hybrid,United Kingdom,Medium (50-250),PyTorch / TensorFlow,169162,54677,223839,2.6,3.2
EMP-50777,Cloud Architect,Mid-Level,3.4,Hybrid,Germany,Large (250+),AWS / Cloud,151100,0,151100,3.4,3.8
EMP-50778,Cloud Architect,Mid-Level,5.5,Fully Remote,United States,Large (250+),Kubernetes / Go,201799,87115,288914,3.4,3.2
EMP-50779,Cloud Architect,Senior,7.2,Fully Remote,India,Small (<50),AWS / Cloud,74286,8125,82411,4.3,2.9
EMP-50780,Cloud Architect,Mid-Level,5.0,Fully Remote,Canada,Large (250+),AWS / Cloud,147769,0,147769,3.9,4.2
EMP-50781,Data Engineer,Mid-Level,4.2,In-Office,United States,Medium (50-250),Java & Spring,180354,56313,236667,3.9,4.4
EMP-50782,ML Engineer,Lead / Principal,13.6,In-Office,Germany,Large (250+),PyTorch / TensorFlow,202131,0,202131,3.2,3.7
EMP-50783,Data Scientist,Lead / Principal,10.6,Fully Remote,United States,Large (250+),Python & SQL,208361,0,208361,4.1,4.7
EMP-50784,ML Engineer,Mid-Level,3.1,Hybrid,United Kingdom,Large (250+),PyTorch / TensorFlow,168211,0,168211,3.0,3.2
EMP-50785,DevOps Engineer,Entry-Level,2.8,In-Office,Singapore,Small (<50),Kubernetes / Go,129744,0,129744,2.1,3.3
EMP-50786,Data Engineer,Mid-Level,3.8,Hybrid,India,Small (<50),Java & Spring,49953,0,49953,4.6,4.2
EMP-50787,Data Scientist,Senior,10.1,Fully Remote,United States,Small (<50),Python & SQL,187274,38104,225378,4.3,3.0
EMP-50788,Data Scientist,Lead / Principal,16.0,Fully Remote,United States,Large (250+),R & Statistics,271054,0,271054,2.7,3.5
EMP-50789,Product Manager,Mid-Level,3.6,Hybrid,United States,Medium (50-250),R & Statistics,136415,14392,150807,2.8,5.0
EMP-50790,ML Engineer,Entry-Level,1.5,In-Office,United Kingdom,Large (250+),PyTorch / TensorFlow,152172,0,152172,3.9,4.4
EMP-50791,Data Engineer,Lead / Principal,14.0,Hybrid,United States,Medium (50-250),PyTorch / TensorFlow,253631,78378,332009,3.7,4.5
EMP-50792,Data Engineer,Mid-Level,5.9,Fully Remote,United Kingdom,Large (250+),Python & SQL,182462,0,182462,3.7,3.3
EMP-50793,Data Engineer,Senior,10.6,Fully Remote,United States,Small (<50),R & Statistics,218084,0,218084,4.0,3.3
EMP-50794,AI Research Scientist,Lead / Principal,13.0,Hybrid,United States,Small (<50),PyTorch / TensorFlow,240200,103777,343977,3.2,4.2
EMP-50795,DevOps Engineer,Entry-Level,2.6,In-Office,United States,Medium (50-250),AWS / Cloud,144400,59500,203900,4.2,5.0
EMP-50796,Product Manager,Senior,6.7,Hybrid,France,Medium (50-250),AWS / Cloud,129618,0,129618,3.4,3.4
EMP-50797,Data Engineer,Entry-Level,3.0,Hybrid,Canada,Medium (50-250),R & Statistics,129820,24421,154241,3.3,3.8
EMP-50798,Cloud Architect,Mid-Level,5.9,Fully Remote,United States,Large (250+),AWS / Cloud,220307,0,220307,4.5,2.9
EMP-50799,Product Manager,Senior,6.8,In-Office,United States,Small (<50),R & Statistics,170805,70457,241262,3.7,2.9
EMP-50800,Cloud Architect,Mid-Level,3.9,Hybrid,United Kingdom,Medium (50-250),Kubernetes / Go,126656,0,126656,2.9,3.2
EMP-50801,ML Engineer,Executive,14.8,Fully Remote,United States,Large (250+),PyTorch / TensorFlow,280605,120943,401548,3.4,4.5
EMP-50802,Data Engineer,Senior,7.4,Hybrid,United Kingdom,Small (<50),Python & SQL,125790,32668,158458,2.1,3.1
EMP-50803,Data Engineer,Mid-Level,5.4,Fully Remote,India,Large (250+),Java & Spring,79031,0,79031,4.0,3.6
EMP-50804,Data Scientist,Mid-Level,4.1,Fully Remote,Germany,Large (250+),Python & SQL,106826,43890,150716,4.9,3.4
EMP-50805,Software Engineer,Mid-Level,3.3,Fully Remote,Germany,Small (<50),R & Statistics,115045,0,115045,3.9,3.3
EMP-50806,Product Manager,Mid-Level,4.0,Fully Remote,United Kingdom,Medium (50-250),Java & Spring,143368,54778,198146,4.6,3.2
EMP-50807,Product Manager,Entry-Level,3.0,Fully Remote,Australia,Medium (50-250),Java & Spring,144161,0,144161,3.7,3.3
EMP-50808,Data Scientist,Mid-Level,4.9,Fully Remote,Singapore,Large (250+),Python & SQL,134782,0,134782,3.8,4.1
EMP-50809,ML Engineer,Mid-Level,4.2,Hybrid,United Kingdom,Medium (50-250),PyTorch / TensorFlow,155532,0,155532,2.8,2.9
EMP-50810,BI Analyst,Senior,6.8,Hybrid,United States,Medium (50-250),R & Statistics,125130,31758,156888,4.0,3.9
EMP-50811,Software Engineer,Senior,10.9,Fully Remote,United States,Large (250+),Kubernetes / Go,235576,77281,312857,3.0,4.0
EMP-50812,ML Engineer,Senior,10.1,Fully Remote,United States,Small (<50),Python & SQL,206244,37806,244050,4.1,3.5
EMP-50813,Product Manager,Entry-Level,1.6,Hybrid,Germany,Large (250+),Kubernetes / Go,132231,49024,181255,2.6,3.1
EMP-50814,DevOps Engineer,Mid-Level,3.2,Fully Remote,United Kingdom,Large (250+),AWS / Cloud,133580,37938,171518,4.7,3.4
EMP-50815,Data Engineer,Senior,6.3,Fully Remote,United States,Medium (50-250),Kubernetes / Go,200198,46758,246956,3.3,2.5
EMP-50816,Data Engineer,Mid-Level,3.4,In-Office,United States,Large (250+),R & Statistics,171088,0,171088,3.4,4.6
EMP-50817,Data Scientist,Entry-Level,2.2,Hybrid,United Kingdom,Large (250+),Python & SQL,105564,0,105564,3.4,4.1
EMP-50818,AI Research Scientist,Senior,10.6,In-Office,Australia,Small (<50),PyTorch / TensorFlow,197176,56452,253628,4.0,4.2
EMP-50819,Data Scientist,Senior,8.5,Hybrid,United Kingdom,Medium (50-250),Python & SQL,134430,21277,155707,3.5,3.2
EMP-50820,Software Engineer,Senior,10.2,Fully Remote,Germany,Medium (50-250),Python & SQL,140735,33971,174706,5.0,3.2
EMP-50821,AI Research Scientist,Entry-Level,1.9,Hybrid,United States,Small (<50),Python & SQL,161888,0,161888,2.9,2.7
EMP-50822,Data Scientist,Senior,9.5,Fully Remote,United Kingdom,Large (250+),R & Statistics,171276,48203,219479,4.2,3.1
EMP-50823,Data Scientist,Senior,9.7,Hybrid,United States,Small (<50),R & Statistics,171857,49627,221484,4.0,2.9
EMP-50824,Data Engineer,Senior,6.9,Fully Remote,Germany,Medium (50-250),Python & SQL,141531,32419,173950,3.5,4.2
EMP-50825,Product Manager,Senior,7.8,In-Office,United States,Medium (50-250),Kubernetes / Go,185989,40144,226133,3.2,4.0
EMP-50826,Data Scientist,Senior,9.2,Fully Remote,United Kingdom,Small (<50),Python & SQL,126633,0,126633,4.1,2.1
EMP-50827,Data Scientist,Mid-Level,3.2,In-Office,United States,Large (250+),Python & SQL,171218,0,171218,2.8,3.5
EMP-50828,Software Engineer,Entry-Level,1.7,In-Office,United States,Large (250+),AWS / Cloud,164858,0,164858,4.3,4.5
EMP-50829,Data Scientist,Senior,8.7,Hybrid,Singapore,Medium (50-250),Python & SQL,160288,60985,221273,3.6,3.7
EMP-50830,ML Engineer,Senior,11.0,Hybrid,United States,Medium (50-250),PyTorch / TensorFlow,227028,0,227028,3.2,3.1
EMP-50831,Data Scientist,Senior,8.4,Hybrid,United States,Small (<50),Python & SQL,167029,0,167029,2.7,2.8
EMP-50832,ML Engineer,Entry-Level,2.6,Hybrid,United Kingdom,Medium (50-250),Python & SQL,141792,0,141792,2.2,4.5
EMP-50833,ML Engineer,Mid-Level,4.3,Hybrid,India,Medium (50-250),Python & SQL,77078,14514,91592,2.6,2.9
EMP-50834,Data Engineer,Lead / Principal,14.8,Hybrid,United States,Medium (50-250),PyTorch / TensorFlow,234497,32606,267103,3.3,3.3
EMP-50835,Data Scientist,Senior,9.0,Hybrid,Canada,Large (250+),Python & SQL,148173,50280,198453,2.1,3.6
EMP-50836,Product Manager,Lead / Principal,15.3,In-Office,India,Medium (50-250),Python & SQL,96489,11050,107539,3.6,4.0
EMP-50837,Data Scientist,Senior,8.1,Hybrid,United States,Large (250+),Python & SQL,191229,40042,231271,2.8,4.7
EMP-50838,Data Engineer,Senior,9.0,Hybrid,United States,Medium (50-250),R & Statistics,198151,53513,251664,3.2,4.0
EMP-50839,Cloud Architect,Senior,9.2,Hybrid,United States,Medium (50-250),AWS / Cloud,213339,52829,266168,3.4,4.2
EMP-50840,AI Research Scientist,Lead / Principal,12.5,In-Office,India,Large (250+),PyTorch / TensorFlow,116466,41141,157607,4.5,5.0
EMP-50841,Cloud Architect,Senior,6.7,Hybrid,United States,Medium (50-250),Kubernetes / Go,198460,74993,273453,3.1,4.2
EMP-50842,ML Engineer,Senior,6.5,Fully Remote,United States,Large (250+),Python & SQL,242622,70789,313411,3.5,4.5
EMP-50843,BI Analyst,Entry-Level,1.0,Hybrid,Germany,Medium (50-250),Python & SQL,112545,13988,126533,3.2,4.2
EMP-50844,ML Engineer,Mid-Level,5.6,In-Office,United Kingdom,Small (<50),PyTorch / TensorFlow,150047,0,150047,3.2,4.3
EMP-50845,Data Scientist,Senior,7.2,Hybrid,United States,Large (250+),Python & SQL,191745,22741,214486,2.7,3.1
EMP-50846,AI Research Scientist,Mid-Level,3.6,Hybrid,United Kingdom,Medium (50-250),PyTorch / TensorFlow,139744,0,139744,3.8,3.7
EMP-50847,BI Analyst,Mid-Level,5.2,Fully Remote,United States,Large (250+),R & Statistics,123349,0,123349,3.9,3.9
EMP-50848,Data Engineer,Mid-Level,4.0,Hybrid,United States,Large (250+),PyTorch / TensorFlow,195946,0,195946,4.3,2.4
EMP-50849,Data Engineer,Mid-Level,4.5,Hybrid,United Kingdom,Small (<50),Java & Spring,111651,0,111651,2.5,3.7
EMP-50850,AI Research Scientist,Mid-Level,3.5,In-Office,Australia,Medium (50-250),PyTorch / TensorFlow,161735,0,161735,3.2,4.0
EMP-50851,Software Engineer,Mid-Level,5.9,Fully Remote,United States,Medium (50-250),PyTorch / TensorFlow,169836,0,169836,4.1,4.3
EMP-50852,ML Engineer,Lead / Principal,15.1,In-Office,India,Medium (50-250),PyTorch / TensorFlow,124912,47066,171978,3.5,3.5
EMP-50853,DevOps Engineer,Mid-Level,5.6,Hybrid,Germany,Large (250+),AWS / Cloud,150555,35159,185714,3.6,3.9
EMP-50854,ML Engineer,Mid-Level,4.2,Fully Remote,United States,Medium (50-250),PyTorch / TensorFlow,198687,65905,264592,4.3,3.9
EMP-50855,ML Engineer,Entry-Level,2.5,Fully Remote,Canada,Medium (50-250),PyTorch / TensorFlow,153900,0,153900,3.7,3.2
EMP-50856,AI Research Scientist,Senior,6.7,Fully Remote,United States,Large (250+),PyTorch / TensorFlow,261930,28856,290786,4.0,2.5
EMP-50857,Data Scientist,Mid-Level,3.0,Hybrid,France,Small (<50),R & Statistics,91874,0,91874,3.2,3.8
EMP-50858,Data Engineer,Senior,6.1,Fully Remote,India,Large (250+),PyTorch / TensorFlow,71044,0,71044,4.1,4.1
EMP-50859,AI Research Scientist,Senior,8.9,Fully Remote,United States,Medium (50-250),Python & SQL,254116,112294,366410,3.8,4.2
EMP-50860,Software Engineer,Senior,8.3,Hybrid,United States,Large (250+),Python & SQL,208024,35797,243821,2.2,3.5
EMP-50861,Data Scientist,Mid-Level,4.6,Fully Remote,United States,Medium (50-250),Python & SQL,157761,0,157761,4.2,3.9
EMP-50862,Data Engineer,Senior,6.0,Fully Remote,United States,Small (<50),Python & SQL,169113,16995,186108,2.5,3.1
EMP-50863,Data Scientist,Mid-Level,4.3,Hybrid,United States,Medium (50-250),R & Statistics,182997,0,182997,2.7,3.2
EMP-50864,Data Scientist,Lead / Principal,14.3,Hybrid,United States,Small (<50),R & Statistics,210082,93705,303787,2.7,3.0
EMP-50865,Data Engineer,Senior,8.2,Hybrid,Germany,Large (250+),Kubernetes / Go,152726,31036,183762,4.6,4.2
EMP-50866,ML Engineer,Mid-Level,5.2,Hybrid,United States,Small (<50),PyTorch / TensorFlow,161324,56340,217664,2.3,3.7
EMP-50867,ML Engineer,Mid-Level,3.7,Hybrid,India,Large (250+),PyTorch / TensorFlow,82507,0,82507,3.8,4.4
EMP-50868,DevOps Engineer,Mid-Level,5.4,Hybrid,India,Medium (50-250),AWS / Cloud,90360,0,90360,3.3,3.0
EMP-50869,Product Manager,Senior,8.9,Fully Remote,United Kingdom,Medium (50-250),Python & SQL,142329,58322,200651,5.0,3.6
EMP-50870,Data Scientist,Mid-Level,3.6,Fully Remote,India,Small (<50),Python & SQL,68556,26033,94589,3.3,4.1
EMP-50871,ML Engineer,Senior,7.2,Hybrid,United States,Medium (50-250),Python & SQL,211461,38387,249848,3.6,3.0
EMP-50872,Cloud Architect,Mid-Level,4.9,Fully Remote,United States,Medium (50-250),AWS / Cloud,192253,29472,221725,4.2,3.0
EMP-50873,Data Scientist,Senior,10.1,Hybrid,Germany,Medium (50-250),R & Statistics,142703,32102,174805,3.7,2.6
EMP-50874,AI Research Scientist,Senior,8.1,Hybrid,United States,Large (250+),PyTorch / TensorFlow,245161,94705,339866,2.7,3.1
EMP-50875,ML Engineer,Senior,7.3,Fully Remote,United Kingdom,Medium (50-250),PyTorch / TensorFlow,154245,65813,220058,4.3,3.6
EMP-50876,Cloud Architect,Senior,10.3,Fully Remote,Australia,Medium (50-250),AWS / Cloud,206426,52749,259175,3.1,3.2
EMP-50877,Cloud Architect,Mid-Level,5.0,Fully Remote,Singapore,Medium (50-250),AWS / Cloud,164017,33793,197810,3.7,3.1
EMP-50878,AI Research Scientist,Entry-Level,1.9,Hybrid,Germany,Small (<50),PyTorch / TensorFlow,123996,26720,150716,3.4,2.0
EMP-50879,ML Engineer,Senior,8.4,Hybrid,Canada,Large (250+),Python & SQL,202997,74773,277770,3.0,3.7
EMP-50880,ML Engineer,Mid-Level,3.6,Hybrid,United States,Medium (50-250),Python & SQL,189465,0,189465,2.8,3.5
EMP-50881,Cloud Architect,Mid-Level,4.9,Fully Remote,United States,Small (<50),AWS / Cloud,169114,27848,196962,3.8,3.9
EMP-50882,AI Research Scientist,Entry-Level,1.7,Hybrid,Canada,Medium (50-250),PyTorch / TensorFlow,177326,68336,245662,3.5,4.0
EMP-50883,ML Engineer,Mid-Level,6.0,In-Office,United States,Medium (50-250),PyTorch / TensorFlow,186910,0,186910,2.8,2.7
EMP-50884,Software Engineer,Entry-Level,2.0,Fully Remote,United States,Medium (50-250),PyTorch / TensorFlow,139749,0,139749,3.2,5.0
EMP-50885,ML Engineer,Lead / Principal,12.9,Hybrid,United States,Medium (50-250),PyTorch / TensorFlow,232567,65831,298398,3.9,3.4
EMP-50886,Cloud Architect,Mid-Level,4.7,In-Office,United Kingdom,Small (<50),Kubernetes / Go,103028,0,103028,3.7,2.8
EMP-50887,ML Engineer,Senior,10.6,Fully Remote,United States,Medium (50-250),PyTorch / TensorFlow,227593,100888,328481,3.6,4.2
EMP-50888,AI Research Scientist,Entry-Level,2.6,Hybrid,Germany,Large (250+),Python & SQL,166824,0,166824,3.2,3.5
EMP-50889,ML Engineer,Senior,8.3,Fully Remote,United States,Small (<50),PyTorch / TensorFlow,217625,90353,307978,3.5,2.7
EMP-50890,Cloud Architect,Mid-Level,5.2,Hybrid,United States,Large (250+),AWS / Cloud,194672,0,194672,3.3,4.5
EMP-50891,DevOps Engineer,Lead / Principal,13.5,Fully Remote,United States,Small (<50),AWS / Cloud,189916,74960,264876,3.2,4.2
EMP-50892,Software Engineer,Lead / Principal,13.0,In-Office,United States,Large (250+),Python & SQL,233331,0,233331,3.5,3.8
EMP-50893,Data Scientist,Mid-Level,3.6,Hybrid,Australia,Medium (50-250),Python & SQL,132016,46743,178759,2.0,3.8
EMP-50894,Cloud Architect,Lead / Principal,12.8,Hybrid,United States,Medium (50-250),Kubernetes / Go,251090,102264,353354,4.0,4.9
EMP-50895,ML Engineer,Executive,16.0,Hybrid,United States,Small (<50),Python & SQL,251934,99821,351755,3.3,3.4
EMP-50896,Data Scientist,Senior,10.6,Hybrid,United Kingdom,Small (<50),Python & SQL,122431,14037,136468,2.5,4.2
EMP-50897,DevOps Engineer,Senior,7.7,Hybrid,United Kingdom,Small (<50),AWS / Cloud,116602,29911,146513,3.4,4.5
EMP-50898,AI Research Scientist,Mid-Level,5.9,In-Office,United States,Small (<50),PyTorch / TensorFlow,224297,26377,250674,3.1,3.5
EMP-50899,AI Research Scientist,Senior,8.7,In-Office,United States,Medium (50-250),PyTorch / TensorFlow,241246,73704,314950,3.2,4.2
EMP-50900,ML Engineer,Entry-Level,2.3,Hybrid,France,Medium (50-250),PyTorch / TensorFlow,120870,0,120870,2.3,4.7
EMP-50901,AI Research Scientist,Entry-Level,2.1,In-Office,Germany,Medium (50-250),PyTorch / TensorFlow,140696,58526,199222,3.5,2.9
EMP-50902,ML Engineer,Executive,15.0,Hybrid,United States,Large (250+),Python & SQL,295271,40890,336161,2.6,4.0
EMP-50903,Data Engineer,Mid-Level,4.1,Hybrid,United Kingdom,Medium (50-250),Python & SQL,151102,22242,173344,3.1,3.8
EMP-50904,Data Scientist,Senior,6.5,Hybrid,United States,Medium (50-250),Python & SQL,134548,50626,185174,2.4,2.8
EMP-50905,DevOps Engineer,Senior,9.1,Fully Remote,United States,Medium (50-250),Kubernetes / Go,178145,0,178145,3.9,3.5
EMP-50906,Software Engineer,Lead / Principal,12.7,Fully Remote,Germany,Medium (50-250),Java & Spring,145176,20369,165545,4.5,5.0
EMP-50907,Data Scientist,Executive,20.2,Fully Remote,Australia,Medium (50-250),Python & SQL,225993,99062,325055,3.9,4.4
EMP-50908,ML Engineer,Mid-Level,3.7,Hybrid,United States,Large (250+),Python & SQL,196040,43208,239248,2.4,3.4
EMP-50909,Data Scientist,Entry-Level,1.3,Fully Remote,India,Medium (50-250),Python & SQL,62977,0,62977,3.9,2.7
EMP-50910,Data Engineer,Mid-Level,4.2,Hybrid,United States,Small (<50),AWS / Cloud,143670,0,143670,2.7,3.9
EMP-50911,ML Engineer,Entry-Level,2.9,In-Office,United States,Medium (50-250),Python & SQL,149638,0,149638,2.5,4.3
EMP-50912,Data Engineer,Entry-Level,2.4,Fully Remote,United States,Small (<50),Java & Spring,119676,0,119676,2.7,3.7
EMP-50913,Data Scientist,Mid-Level,4.3,Hybrid,United States,Large (250+),Python & SQL,166985,0,166985,3.8,4.4
EMP-50914,Data Engineer,Senior,8.6,Fully Remote,Australia,Large (250+),AWS / Cloud,175723,25268,200991,3.1,4.0
EMP-50915,Data Scientist,Senior,6.4,Fully Remote,United States,Small (<50),Python & SQL,159873,68575,228448,4.5,2.7
EMP-50916,Data Scientist,Mid-Level,6.0,Hybrid,United States,Small (<50),Python & SQL,156947,0,156947,4.4,3.5
EMP-50917,Product Manager,Senior,9.3,Hybrid,Singapore,Medium (50-250),Kubernetes / Go,168455,56446,224901,3.2,3.9
EMP-50918,Software Engineer,Mid-Level,3.9,Hybrid,India,Medium (50-250),R & Statistics,74888,13308,88196,2.9,4.1
EMP-50919,ML Engineer,Entry-Level,2.2,Fully Remote,Canada,Medium (50-250),PyTorch / TensorFlow,145633,21394,167027,4.0,3.9
EMP-50920,DevOps Engineer,Senior,6.5,Hybrid,Singapore,Large (250+),AWS / Cloud,130926,21382,152308,4.3,3.1
EMP-50921,Data Engineer,Senior,10.8,Fully Remote,United States,Medium (50-250),PyTorch / TensorFlow,215075,77972,293047,4.1,4.8
EMP-50922,DevOps Engineer,Senior,6.9,Fully Remote,India,Medium (50-250),Kubernetes / Go,61227,25879,87106,4.3,3.4
EMP-50923,Software Engineer,Entry-Level,2.3,Fully Remote,Germany,Small (<50),R & Statistics,100109,19958,120067,4.0,4.1
EMP-50924,Data Scientist,Senior,7.2,Fully Remote,India,Large (250+),Python & SQL,100495,39228,139723,3.8,3.7
EMP-50925,AI Research Scientist,Senior,9.6,Fully Remote,Canada,Small (<50),Python & SQL,194227,0,194227,2.1,3.9
EMP-50926,ML Engineer,Senior,9.9,Fully Remote,United States,Large (250+),PyTorch / TensorFlow,259537,0,259537,5.0,4.0
EMP-50927,Data Engineer,Senior,9.4,In-Office,Canada,Medium (50-250),AWS / Cloud,170496,22241,192737,3.6,3.7
EMP-50928,Cloud Architect,Lead / Principal,13.7,Fully Remote,United States,Medium (50-250),Kubernetes / Go,254756,55236,309992,3.9,4.2
EMP-50929,ML Engineer,Senior,10.5,Fully Remote,United States,Large (250+),PyTorch / TensorFlow,259254,90890,350144,3.9,5.0
EMP-50930,ML Engineer,Senior,6.4,Fully Remote,United States,Large (250+),PyTorch / TensorFlow,230847,53109,283956,3.7,3.5
EMP-50931,Software Engineer,Executive,16.6,Hybrid,Singapore,Medium (50-250),R & Statistics,194444,82073,276517,2.5,3.0
EMP-50932,BI Analyst,Senior,7.2,Fully Remote,United States,Small (<50),Python & SQL,136381,25047,161428,3.2,3.9
EMP-50933,Data Engineer,Mid-Level,6.0,In-Office,United Kingdom,Large (250+),R & Statistics,175943,0,175943,2.5,3.6
EMP-50934,ML Engineer,Senior,7.9,In-Office,United States,Medium (50-250),Python & SQL,207019,51767,258786,4.0,4.7
EMP-50935,ML Engineer,Mid-Level,5.2,Fully Remote,Singapore,Small (<50),PyTorch / TensorFlow,142334,23778,166112,3.0,4.8
EMP-50936,AI Research Scientist,Mid-Level,5.1,Hybrid,United States,Large (250+),PyTorch / TensorFlow,225844,0,225844,2.6,4.5
EMP-50937,Product Manager,Senior,7.1,Fully Remote,Canada,Small (<50),Kubernetes / Go,126994,22600,149594,4.5,3.4
EMP-50938,ML Engineer,Lead / Principal,11.4,Hybrid,India,Small (<50),Python & SQL,85929,38123,124052,2.9,3.3
EMP-50939,Data Engineer,Lead / Principal,11.7,Fully Remote,United States,Small (<50),Java & Spring,213690,29827,243517,5.0,3.5
EMP-50940,ML Engineer,Mid-Level,4.2,Fully Remote,United States,Medium (50-250),Python & SQL,190432,28711,219143,3.9,3.9
EMP-50941,Data Engineer,Mid-Level,3.7,Fully Remote,Canada,Medium (50-250),R & Statistics,127266,0,127266,4.2,3.7
EMP-50942,Cloud Architect,Mid-Level,3.1,Hybrid,Australia,Medium (50-250),AWS / Cloud,159895,40507,200402,3.4,3.2
EMP-50943,Software Engineer,Executive,21.0,Fully Remote,Canada,Medium (50-250),Kubernetes / Go,201175,60969,262144,4.4,4.6
EMP-50944,ML Engineer,Executive,21.7,Fully Remote,United States,Medium (50-250),PyTorch / TensorFlow,322320,103408,425728,3.2,4.5
EMP-50945,AI Research Scientist,Senior,7.7,Hybrid,Australia,Medium (50-250),PyTorch / TensorFlow,202214,0,202214,3.8,3.4
EMP-50946,ML Engineer,Senior,7.7,Hybrid,United States,Small (<50),PyTorch / TensorFlow,193757,58690,252447,3.9,4.2
EMP-50947,DevOps Engineer,Senior,6.0,In-Office,United Kingdom,Large (250+),Kubernetes / Go,148152,25669,173821,3.5,2.0
EMP-50948,DevOps Engineer,Senior,9.4,Fully Remote,India,Medium (50-250),AWS / Cloud,78816,34412,113228,4.5,5.0
EMP-50949,Data Engineer,Entry-Level,2.7,Hybrid,United States,Large (250+),Java & Spring,191676,68605,260281,3.1,3.0
EMP-50950,Data Engineer,Mid-Level,3.4,Hybrid,Canada,Small (<50),Java & Spring,113647,0,113647,3.9,3.8
EMP-50951,Cloud Architect,Senior,6.8,Fully Remote,United Kingdom,Large (250+),Kubernetes / Go,149783,58620,208403,4.6,3.3
EMP-50952,ML Engineer,Senior,10.0,Hybrid,Australia,Medium (50-250),PyTorch / TensorFlow,200094,0,200094,2.7,5.0
EMP-50953,Product Manager,Mid-Level,4.8,Hybrid,United States,Small (<50),R & Statistics,142881,0,142881,3.1,4.4
EMP-50954,Data Scientist,Lead / Principal,10.3,In-Office,United States,Large (250+),Python & SQL,216389,0,216389,3.4,3.7
EMP-50955,Data Scientist,Entry-Level,2.2,Fully Remote,India,Large (250+),Python & SQL,53763,18846,72609,2.3,3.7
EMP-50956,Data Engineer,Mid-Level,3.9,Hybrid,United States,Medium (50-250),AWS / Cloud,161364,40266,201630,3.4,5.0
EMP-50957,AI Research Scientist,Senior,7.8,Fully Remote,United States,Large (250+),PyTorch / TensorFlow,277862,124728,402590,3.4,4.0
EMP-50958,ML Engineer,Senior,9.8,In-Office,France,Medium (50-250),Python & SQL,136197,23900,160097,4.0,4.1
EMP-50959,Software Engineer,Senior,10.1,Fully Remote,United States,Large (250+),Kubernetes / Go,219821,31515,251336,4.3,3.6
EMP-50960,AI Research Scientist,Mid-Level,4.2,In-Office,France,Medium (50-250),Python & SQL,149032,0,149032,3.0,4.4
EMP-50961,Data Engineer,Entry-Level,2.9,In-Office,United States,Medium (50-250),PyTorch / TensorFlow,172568,0,172568,2.6,3.0
EMP-50962,ML Engineer,Senior,8.0,Fully Remote,United States,Medium (50-250),Python & SQL,218844,44937,263781,2.9,3.0
EMP-50963,Data Scientist,Senior,9.9,Hybrid,Canada,Medium (50-250),R & Statistics,145017,43010,188027,3.5,3.5
EMP-50964,Data Scientist,Entry-Level,2.0,In-Office,Germany,Large (250+),Python & SQL,130317,14018,144335,4.0,3.9
EMP-50965,Data Scientist,Senior,10.5,Fully Remote,United Kingdom,Small (<50),Python & SQL,153637,20231,173868,3.2,4.1
EMP-50966,Cloud Architect,Mid-Level,5.7,Hybrid,United Kingdom,Small (<50),Kubernetes / Go,130632,0,130632,3.0,4.0
EMP-50967,Data Scientist,Senior,6.4,Hybrid,India,Medium (50-250),R & Statistics,88462,29980,118442,4.0,3.2
EMP-50968,Data Engineer,Senior,10.7,Fully Remote,United States,Medium (50-250),PyTorch / TensorFlow,219513,95233,314746,4.4,3.6
EMP-50969,Data Scientist,Entry-Level,2.7,Fully Remote,United States,Small (<50),Python & SQL,138550,0,138550,3.8,3.7
EMP-50970,Cloud Architect,Entry-Level,2.6,Fully Remote,United States,Medium (50-250),AWS / Cloud,178665,0,178665,4.0,2.7
EMP-50971,Product Manager,Senior,7.0,Fully Remote,United Kingdom,Large (250+),Java & Spring,157278,61031,218309,3.8,2.3
EMP-50972,Software Engineer,Senior,10.0,Hybrid,United States,Medium (50-250),Java & Spring,189311,71204,260515,3.0,4.9
EMP-50973,ML Engineer,Senior,10.3,Fully Remote,United States,Medium (50-250),Python & SQL,252997,39159,292156,4.2,3.2
EMP-50974,AI Research Scientist,Senior,7.4,In-Office,United Kingdom,Large (250+),PyTorch / TensorFlow,186815,0,186815,3.6,4.6
EMP-50975,ML Engineer,Senior,10.8,Hybrid,United States,Medium (50-250),Python & SQL,249817,37399,287216,2.6,3.8
EMP-50976,Data Engineer,Lead / Principal,10.3,Fully Remote,United States,Large (250+),R & Statistics,244551,32205,276756,4.5,3.6
EMP-50977,AI Research Scientist,Senior,6.7,Hybrid,Germany,Large (250+),PyTorch / TensorFlow,183250,56482,239732,2.8,3.1
EMP-50978,Data Engineer,Mid-Level,4.6,Hybrid,United States,Medium (50-250),R & Statistics,180397,0,180397,4.4,4.2
EMP-50979,Data Engineer,Mid-Level,4.7,In-Office,India,Medium (50-250),PyTorch / TensorFlow,80398,32879,113277,2.5,2.9
EMP-50980,Data Scientist,Entry-Level,2.3,Fully Remote,Germany,Medium (50-250),Python & SQL,107963,0,107963,3.1,4.4
EMP-50981,Software Engineer,Senior,6.1,Fully Remote,United States,Medium (50-250),R & Statistics,164914,32693,197607,4.8,3.7
EMP-50982,ML Engineer,Mid-Level,5.9,In-Office,Germany,Large (250+),PyTorch / TensorFlow,167556,63652,231208,3.7,3.8
EMP-50983,AI Research Scientist,Lead / Principal,10.3,In-Office,United States,Medium (50-250),Python & SQL,269169,0,269169,4.4,4.7
EMP-50984,Cloud Architect,Senior,6.7,Hybrid,Canada,Medium (50-250),AWS / Cloud,152912,55943,208855,3.8,3.4
EMP-50985,Data Engineer,Senior,6.1,Hybrid,France,Small (<50),Kubernetes / Go,101567,44469,146036,4.0,4.0
EMP-50986,Cloud Architect,Mid-Level,4.7,Fully Remote,United Kingdom,Small (<50),Kubernetes / Go,124505,0,124505,3.7,2.9
EMP-50987,Data Scientist,Entry-Level,2.9,Hybrid,Germany,Small (<50),Python & SQL,108955,45588,154543,2.5,3.8
EMP-50988,ML Engineer,Entry-Level,2.3,Fully Remote,United States,Large (250+),PyTorch / TensorFlow,182417,68830,251247,3.0,3.3
EMP-50989,Software Engineer,Mid-Level,5.5,Fully Remote,United States,Medium (50-250),Java & Spring,146607,0,146607,3.9,4.5
EMP-50990,Software Engineer,Entry-Level,1.0,Hybrid,India,Medium (50-250),PyTorch / TensorFlow,66105,0,66105,2.6,4.5
EMP-50991,Cloud Architect,Senior,8.7,Fully Remote,United States,Medium (50-250),AWS / Cloud,240201,38813,279014,3.8,3.6
EMP-50992,ML Engineer,Lead / Principal,12.8,Hybrid,United States,Large (250+),PyTorch / TensorFlow,247564,0,247564,3.4,3.3
EMP-50993,Data Engineer,Lead / Principal,13.0,In-Office,United States,Medium (50-250),AWS / Cloud,205619,0,205619,4.7,4.2
EMP-50994,Data Scientist,Senior,6.4,Fully Remote,Canada,Large (250+),Python & SQL,169245,71616,240861,3.2,3.5
EMP-50995,AI Research Scientist,Mid-Level,5.1,In-Office,United States,Medium (50-250),PyTorch / TensorFlow,215074,0,215074,4.1,3.5
EMP-50996,Product Manager,Lead / Principal,13.0,In-Office,Australia,Large (250+),Python & SQL,202193,72834,275027,3.2,4.3
EMP-50997,ML Engineer,Lead / Principal,14.6,Hybrid,United States,Medium (50-250),PyTorch / TensorFlow,261559,84530,346089,4.0,3.6
EMP-50998,Product Manager,Mid-Level,4.5,Fully Remote,United States,Medium (50-250),PyTorch / TensorFlow,171548,0,171548,4.0,4.0
EMP-50999,Data Scientist,Senior,6.7,Fully Remote,Germany,Medium (50-250),Python & SQL,142102,0,142102,3.6,4.1
EMP-51000,ML Engineer,Mid-Level,4.9,Hybrid,United States,Medium (50-250),PyTorch / TensorFlow,203179,45993,249172,3.9,4.6
EMP-51001,Data Engineer,Senior,6.9,Fully Remote,Germany,Small (<50),AWS / Cloud,129412,34911,164323,3.5,3.4
EMP-51002,DevOps Engineer,Executive,21.0,Fully Remote,United States,Medium (50-250),AWS / Cloud,263608,106384,369992,4.5,3.8
EMP-51003,Software Engineer,Entry-Level,2.2,In-Office,United States,Medium (50-250),Kubernetes / Go,157091,0,157091,2.6,3.3
EMP-51004,Software Engineer,Lead / Principal,10.9,Fully Remote,United States,Small (<50),R & Statistics,175683,49441,225124,3.8,3.8
EMP-51005,Cloud Architect,Senior,10.8,Hybrid,Australia,Large (250+),AWS / Cloud,180545,42954,223499,2.9,3.2
EMP-51006,Cloud Architect,Executive,18.1,Fully Remote,United Kingdom,Medium (50-250),AWS / Cloud,218706,38731,257437,3.3,4.1
EMP-51007,Software Engineer,Mid-Level,3.2,Hybrid,Canada,Large (250+),R & Statistics,133975,0,133975,3.6,3.6
EMP-51008,ML Engineer,Senior,9.1,In-Office,United States,Medium (50-250),PyTorch / TensorFlow,221917,55369,277286,3.3,3.8
EMP-51009,Data Engineer,Entry-Level,1.5,Fully Remote,United Kingdom,Medium (50-250),Python & SQL,110640,0,110640,3.9,3.7
EMP-51010,ML Engineer,Mid-Level,5.4,Fully Remote,United Kingdom,Medium (50-250),PyTorch / TensorFlow,136528,0,136528,4.0,5.0
EMP-51011,BI Analyst,Entry-Level,2.6,Hybrid,Singapore,Medium (50-250),R & Statistics,97438,0,97438,3.6,2.7
EMP-51012,Product Manager,Executive,21.8,Hybrid,Canada,Large (250+),PyTorch / TensorFlow,259620,92226,351846,3.9,3.0
EMP-51013,AI Research Scientist,Senior,8.5,Hybrid,Canada,Medium (50-250),PyTorch / TensorFlow,206971,0,206971,3.1,4.1
EMP-51014,Cloud Architect,Lead / Principal,12.7,Fully Remote,United States,Large (250+),AWS / Cloud,269112,105284,374396,3.7,3.9
EMP-51015,Product Manager,Lead / Principal,14.5,Fully Remote,United Kingdom,Large (250+),AWS / Cloud,202819,46214,249033,3.5,3.9
EMP-51016,ML Engineer,Entry-Level,1.3,In-Office,United Kingdom,Medium (50-250),PyTorch / TensorFlow,142423,0,142423,2.1,3.8
EMP-51017,Data Engineer,Mid-Level,4.6,In-Office,Australia,Large (250+),Java & Spring,146109,45419,191528,2.5,3.5
EMP-51018,Product Manager,Entry-Level,2.1,Hybrid,United States,Medium (50-250),PyTorch / TensorFlow,145079,0,145079,3.3,2.8
EMP-51019,AI Research Scientist,Mid-Level,3.3,In-Office,United States,Large (250+),Python & SQL,223305,0,223305,3.5,4.0
EMP-51020,Cloud Architect,Mid-Level,4.3,Hybrid,United States,Large (250+),Kubernetes / Go,195142,0,195142,3.8,3.2
EMP-51021,Data Scientist,Mid-Level,5.6,Hybrid,United States,Small (<50),R & Statistics,137995,0,137995,3.6,3.5
EMP-51022,Product Manager,Mid-Level,5.6,Fully Remote,United States,Large (250+),R & Statistics,197180,40443,237623,3.4,3.1
EMP-51023,BI Analyst,Entry-Level,1.2,Hybrid,India,Medium (50-250),Python & SQL,42000,13276,55276,3.2,2.7
EMP-51024,Product Manager,Entry-Level,1.2,Hybrid,United Kingdom,Medium (50-250),AWS / Cloud,108525,35617,144142,3.5,3.6
EMP-51025,Data Scientist,Entry-Level,1.5,Fully Remote,India,Medium (50-250),R & Statistics,69718,24984,94702,4.5,3.6
EMP-51026,DevOps Engineer,Executive,21.0,Hybrid,India,Small (<50),Kubernetes / Go,105024,40473,145497,2.9,4.9
EMP-51027,Software Engineer,Senior,6.6,Hybrid,United States,Medium (50-250),PyTorch / TensorFlow,185306,75062,260368,4.0,2.1
EMP-51028,Data Scientist,Lead / Principal,14.3,Hybrid,United Kingdom,Large (250+),Python & SQL,199318,46807,246125,4.1,3.8
EMP-51029,Software Engineer,Mid-Level,3.3,Hybrid,United States,Small (<50),R & Statistics,142571,31074,173645,2.6,4.4
EMP-51030,AI Research Scientist,Mid-Level,4.9,In-Office,Australia,Medium (50-250),PyTorch / TensorFlow,178048,65083,243131,2.8,3.3
EMP-51031,Data Engineer,Senior,7.8,Fully Remote,United States,Small (<50),R & Statistics,172485,57952,230437,4.4,3.7
EMP-51032,ML Engineer,Mid-Level,5.4,Hybrid,United States,Medium (50-250),PyTorch / TensorFlow,201535,0,201535,3.8,3.5
EMP-51033,ML Engineer,Mid-Level,3.7,Hybrid,United States,Large (250+),Python & SQL,199629,31024,230653,2.3,4.0
EMP-51034,AI Research Scientist,Mid-Level,4.9,Hybrid,United Kingdom,Large (250+),Python & SQL,157786,0,157786,3.3,3.4
EMP-51035,Cloud Architect,Entry-Level,1.5,Fully Remote,United States,Large (250+),Kubernetes / Go,184235,0,184235,4.3,3.2
EMP-51036,Data Scientist,Mid-Level,5.1,Fully Remote,United States,Medium (50-250),R & Statistics,170915,75041,245956,3.2,3.4
EMP-51037,Cloud Architect,Mid-Level,5.6,In-Office,Canada,Medium (50-250),AWS / Cloud,144688,53290,197978,2.6,4.1
EMP-51038,AI Research Scientist,Senior,6.6,Hybrid,India,Large (250+),PyTorch / TensorFlow,99037,33081,132118,1.7,4.2
EMP-51039,Data Scientist,Entry-Level,2.7,In-Office,United States,Large (250+),R & Statistics,164058,43178,207236,3.4,3.5
EMP-51040,Data Engineer,Mid-Level,4.8,Hybrid,United Kingdom,Medium (50-250),PyTorch / TensorFlow,137236,22376,159612,4.0,2.8
EMP-51041,Software Engineer,Senior,6.6,Hybrid,India,Medium (50-250),Java & Spring,85051,0,85051,3.0,4.4
EMP-51042,Data Scientist,Entry-Level,1.9,Hybrid,United States,Large (250+),Python & SQL,143280,0,143280,3.0,3.5
EMP-51043,Data Engineer,Mid-Level,3.5,Hybrid,Australia,Large (250+),Kubernetes / Go,139650,43346,182996,3.8,4.2
EMP-51044,DevOps Engineer,Lead / Principal,14.2,Fully Remote,United States,Medium (50-250),Kubernetes / Go,215878,86944,302822,4.2,4.4
EMP-51045,Data Engineer,Entry-Level,2.5,Hybrid,Germany,Large (250+),AWS / Cloud,123789,46261,170050,1.2,3.4
EMP-51046,ML Engineer,Entry-Level,1.2,Hybrid,United Kingdom,Small (<50),Python & SQL,147346,23771,171117,4.2,3.8
EMP-51047,AI Research Scientist,Mid-Level,4.5,Fully Remote,United Kingdom,Medium (50-250),Python & SQL,131122,0,131122,3.8,3.7
EMP-51048,DevOps Engineer,Mid-Level,5.4,Fully Remote,India,Medium (50-250),AWS / Cloud,75809,0,75809,3.8,4.5
EMP-51049,AI Research Scientist,Senior,10.7,Fully Remote,United States,Small (<50),PyTorch / TensorFlow,221450,30278,251728,3.3,2.7
EMP-51050,DevOps Engineer,Senior,8.6,In-Office,United States,Small (<50),AWS / Cloud,143245,0,143245,3.6,3.1
EMP-51051,Data Engineer,Entry-Level,2.9,Fully Remote,United Kingdom,Small (<50),Java & Spring,110735,12946,123681,2.5,4.3
EMP-51052,Product Manager,Senior,8.7,Hybrid,India,Medium (50-250),R & Statistics,67391,28555,95946,3.6,3.6
EMP-51053,Software Engineer,Mid-Level,4.2,Fully Remote,United States,Large (250+),Python & SQL,171660,0,171660,3.8,5.0
EMP-51054,BI Analyst,Entry-Level,2.7,Fully Remote,India,Large (250+),Python & SQL,75709,33578,109287,3.6,4.5
EMP-51055,Data Scientist,Senior,8.5,Hybrid,United States,Medium (50-250),Python & SQL,168598,54262,222860,4.2,3.2
EMP-51056,Software Engineer,Mid-Level,4.4,Fully Remote,United States,Medium (50-250),R & Statistics,156933,0,156933,4.3,2.8
EMP-51057,Data Scientist,Mid-Level,4.5,Hybrid,Canada,Large (250+),Python & SQL,142379,0,142379,3.3,4.3
EMP-51058,Data Scientist,Entry-Level,2.7,Hybrid,United States,Small (<50),Python & SQL,133763,0,133763,3.8,3.3
EMP-51059,Data Engineer,Mid-Level,5.5,In-Office,United Kingdom,Large (250+),Kubernetes / Go,163513,0,163513,4.5,4.5
EMP-51060,DevOps Engineer,Mid-Level,4.2,Fully Remote,United States,Large (250+),Kubernetes / Go,164218,0,164218,3.2,4.5
EMP-51061,BI Analyst,Senior,7.7,In-Office,United States,Small (<50),Python & SQL,104610,43004,147614,2.9,4.4
EMP-51062,Software Engineer,Entry-Level,2.0,Hybrid,United Kingdom,Large (250+),R & Statistics,111901,0,111901,4.3,4.5
EMP-51063,Data Scientist,Mid-Level,4.7,In-Office,United Kingdom,Large (250+),R & Statistics,161274,49713,210987,2.9,4.5
EMP-51064,Data Scientist,Mid-Level,3.7,Hybrid,United States,Small (<50),Python & SQL,142099,40233,182332,3.1,3.2
EMP-51065,Software Engineer,Senior,10.0,Hybrid,United States,Small (<50),Python & SQL,186119,38700,224819,3.7,2.6
EMP-51066,ML Engineer,Senior,8.4,In-Office,United States,Small (<50),Python & SQL,188538,53699,242237,3.4,3.3
EMP-51067,ML Engineer,Senior,7.7,In-Office,United States,Medium (50-250),Python & SQL,204986,70997,275983,3.1,3.8
EMP-51068,Data Scientist,Senior,6.5,Hybrid,Singapore,Medium (50-250),Python & SQL,129626,0,129626,2.7,3.5
EMP-51069,Data Scientist,Lead / Principal,11.4,Fully Remote,India,Medium (50-250),R & Statistics,81077,0,81077,3.6,4.2
EMP-51070,Data Scientist,Mid-Level,5.8,Fully Remote,United States,Medium (50-250),Python & SQL,159347,17156,176503,4.4,4.2
EMP-51071,ML Engineer,Senior,7.5,Fully Remote,United States,Large (250+),PyTorch / TensorFlow,237881,100220,338101,2.5,3.0
EMP-51072,AI Research Scientist,Senior,6.8,Fully Remote,Singapore,Medium (50-250),Python & SQL,166356,60780,227136,3.4,4.5
EMP-51073,AI Research Scientist,Executive,17.7,Fully Remote,United Kingdom,Small (<50),PyTorch / TensorFlow,209721,91285,301006,5.0,3.5
EMP-51074,BI Analyst,Lead / Principal,11.8,In-Office,United Kingdom,Medium (50-250),Python & SQL,115285,0,115285,3.2,3.7
EMP-51075,Data Scientist,Mid-Level,3.1,Fully Remote,Canada,Medium (50-250),Python & SQL,113716,31908,145624,4.7,3.3
EMP-51076,Data Scientist,Mid-Level,4.0,Hybrid,United States,Medium (50-250),Python & SQL,161332,0,161332,4.2,4.1
EMP-51077,Cloud Architect,Mid-Level,4.6,Fully Remote,United Kingdom,Medium (50-250),AWS / Cloud,141584,23030,164614,4.3,3.8
EMP-51078,ML Engineer,Senior,8.8,Fully Remote,Singapore,Small (<50),PyTorch / TensorFlow,144057,34089,178146,4.1,3.0
EMP-51079,Product Manager,Mid-Level,4.1,Fully Remote,Germany,Large (250+),R & Statistics,136085,0,136085,3.7,3.8
EMP-51080,Software Engineer,Mid-Level,4.3,Fully Remote,United States,Large (250+),Java & Spring,172585,72429,245014,3.5,3.7
EMP-51081,AI Research Scientist,Senior,10.8,Hybrid,United States,Medium (50-250),Python & SQL,239761,86640,326401,2.8,4.5
EMP-51082,Data Scientist,Mid-Level,4.1,In-Office,United States,Medium (50-250),Python & SQL,162724,0,162724,3.8,4.4
EMP-51083,DevOps Engineer,Lead / Principal,11.5,Fully Remote,Canada,Medium (50-250),AWS / Cloud,168899,70551,239450,4.6,4.4
EMP-51084,Product Manager,Mid-Level,3.7,Hybrid,United States,Large (250+),R & Statistics,158930,0,158930,3.0,3.7
EMP-51085,Data Scientist,Mid-Level,4.4,Hybrid,United States,Medium (50-250),R & Statistics,169618,0,169618,2.5,4.2
EMP-51086,Data Engineer,Mid-Level,5.3,In-Office,Singapore,Large (250+),R & Statistics,158279,0,158279,3.4,3.9
EMP-51087,ML Engineer,Senior,7.0,Hybrid,United States,Medium (50-250),PyTorch / TensorFlow,197633,38169,235802,5.0,3.4
EMP-51088,BI Analyst,Entry-Level,2.4,Hybrid,United States,Medium (50-250),Python & SQL,111662,0,111662,2.1,4.2
EMP-51089,ML Engineer,Mid-Level,3.1,Hybrid,United States,Medium (50-250),Python & SQL,159061,0,159061,2.8,4.3
EMP-51090,Product Manager,Lead / Principal,12.5,In-Office,United States,Large (250+),R & Statistics,244827,76377,321204,3.0,3.3
EMP-51091,Cloud Architect,Entry-Level,2.6,Fully Remote,United States,Large (250+),AWS / Cloud,205340,0,205340,4.8,3.6
EMP-51092,Data Engineer,Senior,7.7,Fully Remote,Australia,Small (<50),Kubernetes / Go,142551,59505,202056,5.0,3.9
EMP-51093,Data Engineer,Senior,8.8,In-Office,India,Medium (50-250),Kubernetes / Go,45421,5044,50465,3.2,3.4
EMP-51094,ML Engineer,Mid-Level,3.6,Hybrid,United States,Medium (50-250),PyTorch / TensorFlow,199530,86999,286529,3.5,3.4
EMP-51095,ML Engineer,Senior,9.7,Hybrid,United States,Medium (50-250),PyTorch / TensorFlow,244802,93239,338041,3.3,3.1
EMP-51096,ML Engineer,Mid-Level,3.2,Hybrid,United Kingdom,Large (250+),PyTorch / TensorFlow,167131,0,167131,3.4,4.8
EMP-51097,ML Engineer,Senior,10.3,Fully Remote,United States,Large (250+),Python & SQL,267783,0,267783,3.9,4.9
EMP-51098,Software Engineer,Mid-Level,3.6,Hybrid,United States,Large (250+),Python & SQL,166550,0,166550,2.5,3.9
EMP-51099,Data Scientist,Senior,10.4,Hybrid,Singapore,Large (250+),Python & SQL,176272,0,176272,3.8,4.1
EMP-51100,AI Research Scientist,Entry-Level,1.7,Fully Remote,United States,Medium (50-250),PyTorch / TensorFlow,207650,0,207650,3.0,3.2
EMP-51101,BI Analyst,Senior,9.6,Hybrid,United States,Large (250+),R & Statistics,166933,27795,194728,1.7,2.6
EMP-51102,DevOps Engineer,Mid-Level,4.0,In-Office,United Kingdom,Large (250+),AWS / Cloud,115665,0,115665,3.5,3.1
EMP-51103,Product Manager,Mid-Level,5.7,Fully Remote,United Kingdom,Medium (50-250),R & Statistics,131109,55344,186453,4.1,3.9
EMP-51104,BI Analyst,Mid-Level,3.4,Hybrid,United States,Large (250+),R & Statistics,135342,13698,149040,3.0,3.1
EMP-51105,ML Engineer,Mid-Level,3.5,Fully Remote,United States,Small (<50),PyTorch / TensorFlow,147264,58448,205712,4.0,4.3
EMP-51106,Data Scientist,Senior,8.5,Hybrid,United States,Large (250+),Python & SQL,182488,58107,240595,3.5,3.7
EMP-51107,Software Engineer,Mid-Level,3.2,Fully Remote,Germany,Medium (50-250),Python & SQL,126702,0,126702,3.4,2.7
EMP-51108,Cloud Architect,Lead / Principal,11.2,Hybrid,United States,Medium (50-250),Kubernetes / Go,232328,0,232328,3.6,3.9
EMP-51109,ML Engineer,Lead / Principal,15.7,In-Office,United States,Medium (50-250),PyTorch / TensorFlow,250458,65344,315802,3.9,3.4
EMP-51110,Software Engineer,Senior,10.9,Fully Remote,United Kingdom,Medium (50-250),R & Statistics,158100,55254,213354,4.4,3.6
EMP-51111,ML Engineer,Entry-Level,1.8,In-Office,Australia,Small (<50),Python & SQL,138340,0,138340,3.4,3.7
EMP-51112,ML Engineer,Mid-Level,5.8,In-Office,United States,Small (<50),Python & SQL,184799,80199,264998,3.6,3.6
EMP-51113,Data Engineer,Senior,8.7,Fully Remote,United States,Medium (50-250),Kubernetes / Go,202207,88322,290529,2.6,3.4
EMP-51114,Data Engineer,Mid-Level,3.8,Fully Remote,United Kingdom,Medium (50-250),Python & SQL,124357,50143,174500,3.2,4.0
EMP-51115,Data Engineer,Entry-Level,2.4,In-Office,Canada,Large (250+),AWS / Cloud,128197,0,128197,2.9,4.8
EMP-51116,AI Research Scientist,Senior,9.3,In-Office,United States,Large (250+),PyTorch / TensorFlow,265377,91921,357298,2.7,2.6
EMP-51117,DevOps Engineer,Senior,10.9,Fully Remote,United States,Medium (50-250),Kubernetes / Go,204687,66901,271588,4.5,2.2
EMP-51118,ML Engineer,Senior,7.3,Fully Remote,United States,Large (250+),PyTorch / TensorFlow,222702,44568,267270,3.1,3.8
EMP-51119,ML Engineer,Entry-Level,2.3,Fully Remote,United States,Medium (50-250),PyTorch / TensorFlow,181928,25627,207555,3.0,3.1
EMP-51120,DevOps Engineer,Senior,6.3,In-Office,United Kingdom,Large (250+),Kubernetes / Go,150611,42537,193148,3.3,4.9
EMP-51121,Product Manager,Mid-Level,3.3,Fully Remote,United States,Small (<50),R & Statistics,146481,0,146481,3.7,4.0
EMP-51122,DevOps Engineer,Mid-Level,3.0,Hybrid,India,Medium (50-250),Kubernetes / Go,65814,26053,91867,3.4,3.5
EMP-51123,Software Engineer,Lead / Principal,16.0,In-Office,United Kingdom,Medium (50-250),R & Statistics,180350,0,180350,3.5,4.0
EMP-51124,Cloud Architect,Mid-Level,5.4,Fully Remote,United States,Small (<50),AWS / Cloud,165980,31909,197889,3.4,3.2
EMP-51125,Data Engineer,Mid-Level,5.4,Hybrid,United States,Large (250+),Java & Spring,196915,62770,259685,3.5,4.3
EMP-51126,AI Research Scientist,Entry-Level,2.0,Fully Remote,United Kingdom,Large (250+),PyTorch / TensorFlow,160525,0,160525,3.5,2.8
EMP-51127,Data Scientist,Lead / Principal,11.8,In-Office,United States,Medium (50-250),Python & SQL,182522,0,182522,2.7,4.4
EMP-51128,Data Scientist,Senior,6.8,Fully Remote,Australia,Medium (50-250),R & Statistics,144474,38692,183166,4.6,4.1
EMP-51129,ML Engineer,Senior,7.4,Hybrid,France,Large (250+),PyTorch / TensorFlow,176715,35558,212273,4.2,3.6
EMP-51130,Cloud Architect,Senior,7.9,Hybrid,United States,Large (250+),AWS / Cloud,208808,69091,277899,3.0,4.3
EMP-51131,Data Engineer,Entry-Level,2.5,Fully Remote,United States,Medium (50-250),PyTorch / TensorFlow,170408,27053,197461,4.1,3.4
EMP-51132,AI Research Scientist,Mid-Level,4.6,Fully Remote,United States,Medium (50-250),Python & SQL,217810,0,217810,3.7,3.8
EMP-51133,ML Engineer,Mid-Level,3.2,Fully Remote,Germany,Medium (50-250),Python & SQL,126384,0,126384,3.9,3.4
EMP-51134,Cloud Architect,Entry-Level,1.0,Fully Remote,Germany,Medium (50-250),AWS / Cloud,112235,42056,154291,4.0,3.9
EMP-51135,AI Research Scientist,Mid-Level,3.3,Hybrid,India,Small (<50),PyTorch / TensorFlow,70875,0,70875,3.6,4.9
EMP-51136,DevOps Engineer,Lead / Principal,12.5,Hybrid,Canada,Medium (50-250),Kubernetes / Go,181202,26017,207219,3.7,5.0
EMP-51137,Data Engineer,Entry-Level,2.9,Hybrid,United States,Large (250+),Java & Spring,185870,0,185870,2.8,4.4
EMP-51138,Data Engineer,Mid-Level,4.9,Hybrid,Germany,Medium (50-250),R & Statistics,129245,0,129245,2.1,2.4
EMP-51139,Data Engineer,Mid-Level,5.4,Hybrid,Germany,Large (250+),Python & SQL,160266,0,160266,3.4,4.4
EMP-51140,Software Engineer,Mid-Level,4.4,In-Office,United Kingdom,Large (250+),Python & SQL,133382,0,133382,4.3,3.1
EMP-51141,Data Scientist,Lead / Principal,12.2,Hybrid,United Kingdom,Large (250+),Python & SQL,172839,47419,220258,3.9,4.3
EMP-51142,Cloud Architect,Mid-Level,3.3,Fully Remote,Germany,Small (<50),AWS / Cloud,124943,47171,172114,3.5,3.2
EMP-51143,Data Engineer,Mid-Level,5.6,Fully Remote,United Kingdom,Large (250+),Python & SQL,167943,66249,234192,3.2,2.2
EMP-51144,ML Engineer,Senior,9.9,Hybrid,Germany,Small (<50),PyTorch / TensorFlow,167398,73354,240752,3.8,4.6
EMP-51145,DevOps Engineer,Entry-Level,1.3,Hybrid,Germany,Medium (50-250),AWS / Cloud,99546,21494,121040,4.0,3.1
EMP-51146,Software Engineer,Mid-Level,4.5,Hybrid,Canada,Medium (50-250),R & Statistics,124339,28837,153176,3.5,3.2
EMP-51147,Cloud Architect,Mid-Level,4.5,Fully Remote,Germany,Medium (50-250),AWS / Cloud,116428,0,116428,3.3,2.7
EMP-51148,DevOps Engineer,Senior,9.1,Hybrid,United Kingdom,Large (250+),Kubernetes / Go,176617,41736,218353,2.8,4.1
EMP-51149,DevOps Engineer,Executive,21.6,Fully Remote,Germany,Large (250+),AWS / Cloud,194779,71201,265980,4.0,3.5
EMP-51150,Cloud Architect,Senior,8.9,Fully Remote,United States,Small (<50),AWS / Cloud,193753,24026,217779,4.1,5.0
EMP-51151,Software Engineer,Mid-Level,4.6,Fully Remote,United States,Medium (50-250),PyTorch / TensorFlow,152445,0,152445,4.3,4.4
EMP-51152,Cloud Architect,Senior,6.3,Fully Remote,United States,Medium (50-250),AWS / Cloud,227362,93075,320437,3.3,4.4
EMP-51153,Cloud Architect,Entry-Level,1.1,Hybrid,United Kingdom,Medium (50-250),Kubernetes / Go,121053,0,121053,1.7,2.7
EMP-51154,Data Engineer,Entry-Level,1.4,Fully Remote,United Kingdom,Large (250+),PyTorch / TensorFlow,120671,0,120671,3.4,3.7
EMP-51155,Software Engineer,Mid-Level,3.1,Hybrid,France,Medium (50-250),Kubernetes / Go,101564,0,101564,3.1,3.9
EMP-51156,ML Engineer,Mid-Level,5.2,Hybrid,United States,Large (250+),Python & SQL,212547,42545,255092,3.3,3.6
EMP-51157,DevOps Engineer,Mid-Level,5.2,Fully Remote,United States,Small (<50),Kubernetes / Go,158824,28323,187147,3.8,3.7
EMP-51158,DevOps Engineer,Senior,6.7,Fully Remote,United States,Medium (50-250),Kubernetes / Go,185399,47524,232923,3.8,3.4
EMP-51159,AI Research Scientist,Lead / Principal,15.0,In-Office,United States,Medium (50-250),PyTorch / TensorFlow,299786,75413,375199,3.4,3.7
EMP-51160,Software Engineer,Mid-Level,3.5,Hybrid,Canada,Medium (50-250),Java & Spring,148596,0,148596,3.8,3.8
EMP-51161,ML Engineer,Mid-Level,3.9,Fully Remote,United States,Medium (50-250),PyTorch / TensorFlow,194301,0,194301,2.8,2.9
EMP-51162,Data Scientist,Entry-Level,1.5,Fully Remote,United Kingdom,Large (250+),Python & SQL,138038,0,138038,3.0,3.7
EMP-51163,Software Engineer,Entry-Level,1.7,Hybrid,Germany,Large (250+),PyTorch / TensorFlow,122616,0,122616,2.3,3.5
EMP-51164,ML Engineer,Senior,7.3,Hybrid,United Kingdom,Medium (50-250),PyTorch / TensorFlow,164232,26504,190736,3.5,3.3
EMP-51165,Software Engineer,Mid-Level,4.5,Hybrid,India,Medium (50-250),Java & Spring,48043,19132,67175,4.4,3.1
EMP-51166,Software Engineer,Senior,8.0,Hybrid,United States,Small (<50),AWS / Cloud,167615,33047,200662,2.5,3.9
EMP-51167,Data Engineer,Entry-Level,3.0,Fully Remote,United States,Small (<50),AWS / Cloud,147448,54415,201863,4.7,2.8
EMP-51168,AI Research Scientist,Entry-Level,1.1,Fully Remote,Australia,Medium (50-250),PyTorch / TensorFlow,174181,0,174181,4.1,3.3
EMP-51169,Data Scientist,Mid-Level,3.4,Hybrid,India,Small (<50),Python & SQL,71256,17866,89122,3.7,3.1
EMP-51170,Data Engineer,Mid-Level,3.2,In-Office,United States,Large (250+),PyTorch / TensorFlow,193017,64427,257444,3.0,4.5
EMP-51171,BI Analyst,Entry-Level,2.3,Fully Remote,United States,Large (250+),R & Statistics,129145,28283,157428,4.3,4.5
EMP-51172,Cloud Architect,Senior,6.3,Hybrid,United States,Large (250+),AWS / Cloud,224231,0,224231,2.6,3.2
EMP-51173,ML Engineer,Entry-Level,2.7,Fully Remote,United States,Medium (50-250),PyTorch / TensorFlow,198864,73025,271889,4.4,3.2
EMP-51174,Cloud Architect,Senior,8.6,Fully Remote,France,Large (250+),AWS / Cloud,150003,0,150003,4.4,3.1
EMP-51175,Data Engineer,Mid-Level,4.6,Fully Remote,United Kingdom,Medium (50-250),AWS / Cloud,129204,21681,150885,3.6,4.2
EMP-51176,Software Engineer,Entry-Level,2.1,Fully Remote,United States,Medium (50-250),Python & SQL,142055,0,142055,4.3,4.2
EMP-51177,ML Engineer,Mid-Level,3.5,Hybrid,Australia,Large (250+),PyTorch / TensorFlow,185058,0,185058,3.0,3.4
EMP-51178,Software Engineer,Senior,7.0,Hybrid,United States,Medium (50-250),AWS / Cloud,201173,49530,250703,4.2,4.7
EMP-51179,Data Engineer,Mid-Level,4.0,Fully Remote,United States,Small (<50),Kubernetes / Go,172578,0,172578,4.2,3.9
EMP-51180,BI Analyst,Senior,9.0,Fully Remote,Singapore,Large (250+),R & Statistics,122466,0,122466,2.8,5.0
EMP-51181,Data Scientist,Entry-Level,1.4,Hybrid,India,Large (250+),Python & SQL,58656,13065,71721,3.3,4.8
EMP-51182,Cloud Architect,Senior,6.6,Fully Remote,India,Large (250+),AWS / Cloud,99689,31958,131647,4.3,4.6
EMP-51183,Product Manager,Mid-Level,5.9,Hybrid,United Kingdom,Medium (50-250),Java & Spring,131148,0,131148,5.0,3.5
EMP-51184,ML Engineer,Senior,6.1,Fully Remote,Canada,Medium (50-250),PyTorch / TensorFlow,179039,61444,240483,3.3,2.8
EMP-51185,Product Manager,Senior,10.0,Hybrid,United States,Large (250+),R & Statistics,216145,0,216145,3.1,4.9
EMP-51186,Cloud Architect,Lead / Principal,14.7,Fully Remote,United Kingdom,Small (<50),Kubernetes / Go,207920,27368,235288,4.1,4.9
EMP-51187,AI Research Scientist,Mid-Level,3.9,Fully Remote,France,Medium (50-250),PyTorch / TensorFlow,149740,36429,186169,3.8,4.0
EMP-51188,Data Scientist,Entry-Level,1.3,Fully Remote,United States,Medium (50-250),Python & SQL,147331,40900,188231,3.9,4.2
EMP-51189,Cloud Architect,Entry-Level,1.3,Fully Remote,Canada,Medium (50-250),Kubernetes / Go,152702,0,152702,4.4,3.2
EMP-51190,AI Research Scientist,Senior,9.5,Hybrid,United Kingdom,Medium (50-250),PyTorch / TensorFlow,192385,86473,278858,3.3,3.7
EMP-51191,Data Engineer,Mid-Level,4.9,Hybrid,United States,Small (<50),Python & SQL,139124,0,139124,3.8,4.9
EMP-51192,Data Scientist,Senior,9.9,Fully Remote,Canada,Small (<50),Python & SQL,161156,32994,194150,3.6,3.1
EMP-51193,Data Engineer,Mid-Level,5.8,Fully Remote,United States,Medium (50-250),Java & Spring,201692,26814,228506,3.9,3.3
EMP-51194,AI Research Scientist,Mid-Level,5.1,Hybrid,Germany,Small (<50),PyTorch / TensorFlow,135942,15416,151358,2.8,3.7
EMP-51195,DevOps Engineer,Entry-Level,1.3,Hybrid,United States,Medium (50-250),AWS / Cloud,165224,0,165224,3.8,3.0
EMP-51196,BI Analyst,Lead / Principal,11.5,In-Office,Singapore,Large (250+),R & Statistics,134974,30556,165530,2.0,3.8
EMP-51197,BI Analyst,Senior,10.2,Hybrid,United States,Medium (50-250),R & Statistics,175879,0,175879,2.8,2.9
EMP-51198,Software Engineer,Lead / Principal,11.3,Hybrid,United States,Medium (50-250),Kubernetes / Go,198062,35296,233358,2.6,4.8
EMP-51199,ML Engineer,Mid-Level,3.2,Hybrid,United States,Large (250+),Python & SQL,198571,0,198571,3.8,3.2
EMP-51200,Software Engineer,Senior,9.5,In-Office,Singapore,Medium (50-250),Java & Spring,155899,31009,186908,3.3,3.8
EMP-51201,AI Research Scientist,Senior,8.0,In-Office,Canada,Medium (50-250),PyTorch / TensorFlow,186472,36325,222797,4.0,2.5
EMP-51202,AI Research Scientist,Mid-Level,5.8,Fully Remote,Canada,Medium (50-250),Python & SQL,164378,0,164378,3.2,3.2
EMP-51203,Data Scientist,Senior,9.3,Fully Remote,United Kingdom,Large (250+),Python & SQL,141296,54240,195536,4.2,3.7
EMP-51204,Data Engineer,Lead / Principal,10.5,Fully Remote,United Kingdom,Large (250+),Java & Spring,172537,41985,214522,4.0,4.2
EMP-51205,Software Engineer,Lead / Principal,15.7,Hybrid,United States,Large (250+),AWS / Cloud,249044,87248,336292,4.0,2.5
EMP-51206,Cloud Architect,Senior,7.3,Hybrid,United Kingdom,Large (250+),AWS / Cloud,187572,26437,214009,4.5,3.7
EMP-51207,Data Scientist,Mid-Level,4.0,Hybrid,United States,Medium (50-250),Python & SQL,178218,0,178218,3.3,2.7
EMP-51208,ML Engineer,Mid-Level,4.2,Fully Remote,France,Small (<50),PyTorch / TensorFlow,109439,0,109439,4.5,3.9
EMP-51209,BI Analyst,Lead / Principal,10.3,Hybrid,Canada,Medium (50-250),Python & SQL,141405,53217,194622,4.6,4.3
EMP-51210,Data Scientist,Entry-Level,2.0,Hybrid,United States,Small (<50),R & Statistics,118493,0,118493,3.3,2.5
EMP-51211,Data Scientist,Senior,6.6,Fully Remote,United States,Large (250+),Python & SQL,186936,45930,232866,4.1,3.5
EMP-51212,ML Engineer,Senior,8.0,Hybrid,Canada,Medium (50-250),Python & SQL,175939,46071,222010,2.5,3.9
EMP-51213,Software Engineer,Senior,7.8,Hybrid,United States,Small (<50),PyTorch / TensorFlow,139617,55606,195223,3.2,3.7
EMP-51214,Cloud Architect,Executive,20.2,In-Office,United States,Large (250+),AWS / Cloud,318620,82183,400803,3.1,3.6
EMP-51215,ML Engineer,Mid-Level,5.4,In-Office,United States,Medium (50-250),Python & SQL,203843,0,203843,1.2,3.7
EMP-51216,AI Research Scientist,Mid-Level,3.5,Hybrid,United Kingdom,Medium (50-250),PyTorch / TensorFlow,161916,22003,183919,4.0,3.4
EMP-51217,Cloud Architect,Entry-Level,1.7,Hybrid,Canada,Medium (50-250),Kubernetes / Go,125772,40649,166421,3.6,3.8
EMP-51218,Cloud Architect,Mid-Level,4.1,In-Office,United States,Medium (50-250),Kubernetes / Go,188792,40340,229132,3.9,3.6
EMP-51219,ML Engineer,Mid-Level,3.5,Hybrid,United States,Medium (50-250),PyTorch / TensorFlow,193037,72849,265886,4.7,3.8
EMP-51220,Product Manager,Mid-Level,5.4,Fully Remote,United Kingdom,Small (<50),R & Statistics,121844,0,121844,4.4,3.3
EMP-51221,ML Engineer,Senior,9.5,Hybrid,Canada,Medium (50-250),PyTorch / TensorFlow,185163,28114,213277,3.4,4.1
EMP-51222,Data Scientist,Lead / Principal,11.1,Fully Remote,United States,Large (250+),Python & SQL,227008,25250,252258,4.5,3.5
EMP-51223,Product Manager,Mid-Level,4.1,Fully Remote,United States,Large (250+),PyTorch / TensorFlow,183906,0,183906,4.5,3.9
EMP-51224,Data Scientist,Mid-Level,3.3,In-Office,Singapore,Medium (50-250),Python & SQL,135314,0,135314,2.7,4.7
EMP-51225,Cloud Architect,Lead / Principal,13.8,Hybrid,Singapore,Medium (50-250),AWS / Cloud,183673,65657,249330,3.7,3.0
EMP-51226,Data Scientist,Entry-Level,1.2,Fully Remote,France,Large (250+),R & Statistics,113183,0,113183,4.5,4.1
EMP-51227,ML Engineer,Entry-Level,3.0,Fully Remote,India,Large (250+),PyTorch / TensorFlow,78357,19171,97528,4.4,2.7
EMP-51228,BI Analyst,Entry-Level,2.6,Fully Remote,United States,Medium (50-250),Python & SQL,128389,0,128389,3.4,3.9
EMP-51229,Data Scientist,Senior,8.0,Fully Remote,United States,Medium (50-250),Python & SQL,177362,28224,205586,3.3,3.5
EMP-51230,DevOps Engineer,Entry-Level,2.2,Fully Remote,United States,Large (250+),Kubernetes / Go,179812,0,179812,4.0,3.6
EMP-51231,ML Engineer,Lead / Principal,15.5,Hybrid,United States,Medium (50-250),PyTorch / TensorFlow,254846,85781,340627,3.9,4.5
EMP-51232,ML Engineer,Mid-Level,4.7,Fully Remote,Singapore,Small (<50),Python & SQL,144240,0,144240,3.4,4.4
EMP-51233,AI Research Scientist,Mid-Level,3.5,Hybrid,Canada,Medium (50-250),Python & SQL,178034,0,178034,2.8,3.8
EMP-51234,Cloud Architect,Mid-Level,4.1,Fully Remote,Canada,Small (<50),AWS / Cloud,147777,0,147777,4.5,2.8
EMP-51235,Data Scientist,Mid-Level,5.5,In-Office,United States,Medium (50-250),Python & SQL,182103,0,182103,2.5,4.4
EMP-51236,DevOps Engineer,Senior,9.2,Fully Remote,Australia,Medium (50-250),Kubernetes / Go,162873,0,162873,3.3,4.1
EMP-51237,Data Scientist,Senior,9.3,Fully Remote,India,Large (250+),R & Statistics,83764,34775,118539,3.7,3.2
EMP-51238,BI Analyst,Senior,10.3,Fully Remote,United States,Medium (50-250),Python & SQL,162423,55159,217582,3.4,4.8
EMP-51239,ML Engineer,Senior,10.5,Hybrid,India,Medium (50-250),PyTorch / TensorFlow,90988,37724,128712,2.6,2.9
EMP-51240,DevOps Engineer,Lead / Principal,15.5,Hybrid,United States,Medium (50-250),AWS / Cloud,208019,69088,277107,3.1,3.4
EMP-51241,Software Engineer,Senior,6.5,Fully Remote,United States,Large (250+),AWS / Cloud,196398,0,196398,4.8,2.5
EMP-51242,Software Engineer,Senior,8.7,Hybrid,Germany,Small (<50),Python & SQL,139036,53962,192998,2.6,4.2
EMP-51243,Software Engineer,Entry-Level,2.5,Fully Remote,Germany,Medium (50-250),Python & SQL,91959,29708,121667,4.0,4.3
EMP-51244,Software Engineer,Entry-Level,2.5,Hybrid,United States,Small (<50),R & Statistics,127520,0,127520,2.5,3.5
EMP-51245,Data Engineer,Mid-Level,4.8,Hybrid,United States,Large (250+),Java & Spring,193572,0,193572,2.8,4.3
EMP-51246,ML Engineer,Senior,6.8,Fully Remote,France,Medium (50-250),PyTorch / TensorFlow,151748,51269,203017,3.4,2.7
EMP-51247,AI Research Scientist,Mid-Level,5.4,Fully Remote,Germany,Medium (50-250),PyTorch / TensorFlow,169551,0,169551,4.6,3.5
EMP-51248,Product Manager,Mid-Level,5.2,Fully Remote,Canada,Medium (50-250),Python & SQL,124647,0,124647,3.5,3.3
EMP-51249,Data Engineer,Lead / Principal,10.5,Fully Remote,United States,Large (250+),R & Statistics,242536,58312,300848,4.1,3.6
EMP-51250,Software Engineer,Lead / Principal,12.8,Hybrid,United States,Medium (50-250),Python & SQL,205886,86510,292396,3.8,3.2
EMP-51251,Data Engineer,Lead / Principal,11.0,Fully Remote,United States,Large (250+),Kubernetes / Go,246314,40510,286824,5.0,3.8
EMP-51252,ML Engineer,Mid-Level,4.0,Fully Remote,United States,Large (250+),PyTorch / TensorFlow,204258,0,204258,3.4,2.5
EMP-51253,ML Engineer,Senior,6.1,Fully Remote,United States,Large (250+),PyTorch / TensorFlow,227010,35358,262368,3.6,4.6
EMP-51254,Cloud Architect,Mid-Level,4.2,In-Office,United States,Medium (50-250),AWS / Cloud,187897,0,187897,2.5,3.1
EMP-51255,Data Scientist,Mid-Level,4.6,In-Office,United Kingdom,Large (250+),R & Statistics,128435,47162,175597,3.0,3.4
EMP-51256,ML Engineer,Mid-Level,4.9,Fully Remote,United States,Small (<50),Python & SQL,169020,21349,190369,3.5,3.9
EMP-51257,Data Engineer,Mid-Level,5.0,Fully Remote,India,Medium (50-250),AWS / Cloud,91152,37511,128663,3.2,3.9
EMP-51258,AI Research Scientist,Mid-Level,5.5,Fully Remote,United States,Large (250+),Python & SQL,255150,0,255150,3.7,3.2
EMP-51259,Data Engineer,Senior,7.1,Hybrid,United Kingdom,Medium (50-250),AWS / Cloud,137150,52067,189217,2.3,3.9
EMP-51260,ML Engineer,Entry-Level,1.2,Fully Remote,United States,Medium (50-250),PyTorch / TensorFlow,169938,0,169938,3.1,3.3
EMP-51261,Software Engineer,Senior,10.3,Hybrid,United Kingdom,Medium (50-250),AWS / Cloud,151728,44182,195910,3.6,3.1
EMP-51262,Data Scientist,Senior,6.8,Hybrid,United States,Medium (50-250),R & Statistics,160324,44058,204382,2.2,5.0
EMP-51263,Data Scientist,Mid-Level,5.9,In-Office,France,Medium (50-250),Python & SQL,119199,0,119199,4.2,4.0
EMP-51264,AI Research Scientist,Mid-Level,5.5,Fully Remote,Canada,Large (250+),PyTorch / TensorFlow,196293,0,196293,4.2,3.0
EMP-51265,AI Research Scientist,Mid-Level,4.5,Hybrid,United Kingdom,Large (250+),PyTorch / TensorFlow,152041,0,152041,3.9,3.6
EMP-51266,Data Scientist,Senior,10.9,Hybrid,United States,Medium (50-250),Python & SQL,224417,58571,282988,2.9,4.3
EMP-51267,Data Scientist,Mid-Level,3.3,Fully Remote,United Kingdom,Small (<50),Python & SQL,100020,23856,123876,4.1,4.1
EMP-51268,Data Engineer,Entry-Level,1.6,Fully Remote,Canada,Large (250+),AWS / Cloud,128871,22667,151538,4.7,4.4
EMP-51269,Data Scientist,Entry-Level,2.3,Fully Remote,United States,Medium (50-250),Python & SQL,170217,0,170217,3.7,4.6
EMP-51270,Cloud Architect,Senior,7.8,Fully Remote,United Kingdom,Small (<50),AWS / Cloud,171807,32221,204028,5.0,3.5
EMP-51271,DevOps Engineer,Lead / Principal,15.6,Fully Remote,India,Small (<50),Kubernetes / Go,56860,7011,63871,3.3,2.8
EMP-51272,Software Engineer,Mid-Level,3.2,Hybrid,Canada,Medium (50-250),Kubernetes / Go,127754,0,127754,3.0,3.7
EMP-51273,AI Research Scientist,Senior,8.7,Fully Remote,India,Small (<50),PyTorch / TensorFlow,99003,39033,138036,3.6,4.0
EMP-51274,Data Engineer,Senior,9.0,In-Office,India,Small (<50),AWS / Cloud,77060,0,77060,1.6,4.4
EMP-51275,ML Engineer,Lead / Principal,13.9,Fully Remote,Singapore,Medium (50-250),PyTorch / TensorFlow,228928,48502,277430,4.5,3.3
EMP-51276,ML Engineer,Senior,7.3,In-Office,United States,Medium (50-250),PyTorch / TensorFlow,192441,0,192441,2.5,3.6
EMP-51277,BI Analyst,Senior,7.8,Fully Remote,United Kingdom,Medium (50-250),Python & SQL,123392,0,123392,3.5,3.8
EMP-51278,ML Engineer,Senior,10.2,Hybrid,Canada,Large (250+),Python & SQL,203895,30271,234166,3.7,3.4
EMP-51279,Data Engineer,Lead / Principal,11.2,Fully Remote,Germany,Large (250+),R & Statistics,178065,42725,220790,4.2,4.0
EMP-51280,Data Engineer,Mid-Level,5.5,Fully Remote,France,Medium (50-250),Kubernetes / Go,136138,48827,184965,3.0,2.7
EMP-51281,Cloud Architect,Mid-Level,4.7,In-Office,United States,Medium (50-250),AWS / Cloud,205611,33372,238983,4.0,3.9
EMP-51282,Data Engineer,Entry-Level,2.5,Fully Remote,United States,Large (250+),R & Statistics,196323,38298,234621,3.6,3.8
EMP-51283,AI Research Scientist,Senior,9.6,Hybrid,United States,Small (<50),PyTorch / TensorFlow,205709,28815,234524,3.0,3.6
EMP-51284,Data Scientist,Senior,7.0,Hybrid,United States,Large (250+),R & Statistics,211698,27161,238859,3.5,3.5
EMP-51285,Data Engineer,Entry-Level,2.1,Hybrid,United States,Small (<50),Java & Spring,134656,25122,159778,2.0,3.1
EMP-51286,AI Research Scientist,Senior,10.3,Hybrid,Germany,Large (250+),PyTorch / TensorFlow,203864,87127,290991,3.2,3.8
EMP-51287,Data Scientist,Mid-Level,4.3,Hybrid,United States,Medium (50-250),Python & SQL,153810,42220,196030,2.9,4.4
EMP-51288,AI Research Scientist,Entry-Level,2.9,Fully Remote,Canada,Medium (50-250),PyTorch / TensorFlow,184880,69815,254695,3.6,3.8
EMP-51289,AI Research Scientist,Executive,17.6,Hybrid,Germany,Large (250+),PyTorch / TensorFlow,220181,0,220181,3.9,3.7
EMP-51290,Data Scientist,Mid-Level,3.4,In-Office,United States,Medium (50-250),Python & SQL,148123,0,148123,3.2,3.6
EMP-51291,ML Engineer,Entry-Level,1.8,Fully Remote,United States,Medium (50-250),PyTorch / TensorFlow,161780,58364,220144,3.3,3.3
EMP-51292,Data Engineer,Senior,10.8,Fully Remote,Germany,Medium (50-250),Java & Spring,171628,20661,192289,3.9,3.5
EMP-51293,Cloud Architect,Senior,7.6,Hybrid,Canada,Large (250+),Kubernetes / Go,187047,30999,218046,4.0,5.0
EMP-51294,Software Engineer,Entry-Level,2.7,Hybrid,India,Small (<50),Java & Spring,47779,0,47779,2.5,3.8
EMP-51295,ML Engineer,Senior,10.4,Fully Remote,India,Small (<50),Python & SQL,100123,26388,126511,4.5,3.5
EMP-51296,ML Engineer,Senior,7.8,Fully Remote,Singapore,Medium (50-250),PyTorch / TensorFlow,179157,75647,254804,2.7,3.1
EMP-51297,ML Engineer,Entry-Level,1.2,Hybrid,United Kingdom,Small (<50),PyTorch / TensorFlow,102691,20321,123012,3.3,3.8
EMP-51298,Cloud Architect,Entry-Level,2.4,Fully Remote,Australia,Medium (50-250),Kubernetes / Go,147222,39252,186474,3.8,3.8
EMP-51299,Cloud Architect,Senior,7.6,Hybrid,India,Small (<50),AWS / Cloud,75387,11240,86627,3.4,4.0
EMP-51300,AI Research Scientist,Mid-Level,5.3,Hybrid,Australia,Medium (50-250),PyTorch / TensorFlow,188735,59887,248622,4.7,4.0
EMP-51301,Product Manager,Lead / Principal,12.7,Fully Remote,United States,Small (<50),AWS / Cloud,191127,31867,222994,4.0,3.9
EMP-51302,AI Research Scientist,Senior,8.4,Hybrid,Singapore,Medium (50-250),PyTorch / TensorFlow,192660,27911,220571,2.6,4.0
EMP-51303,Data Engineer,Executive,20.2,In-Office,United Kingdom,Small (<50),R & Statistics,192652,26662,219314,3.9,5.0
EMP-51304,Cloud Architect,Mid-Level,4.1,Hybrid,Canada,Small (<50),Kubernetes / Go,135057,0,135057,2.9,3.4
EMP-51305,DevOps Engineer,Lead / Principal,12.7,In-Office,United States,Small (<50),AWS / Cloud,191915,34855,226770,2.0,4.4
EMP-51306,Cloud Architect,Mid-Level,4.1,Fully Remote,United States,Large (250+),Kubernetes / Go,178833,23854,202687,5.0,3.9
EMP-51307,Software Engineer,Mid-Level,4.1,Hybrid,United States,Small (<50),AWS / Cloud,159938,16798,176736,2.7,3.6
EMP-51308,Data Scientist,Entry-Level,2.1,Fully Remote,United States,Large (250+),R & Statistics,138361,0,138361,3.6,4.5
EMP-51309,Software Engineer,Entry-Level,2.6,Fully Remote,United States,Small (<50),Java & Spring,133705,43743,177448,3.8,3.9
EMP-51310,AI Research Scientist,Senior,7.8,Fully Remote,India,Small (<50),Python & SQL,99922,35424,135346,3.3,3.2
EMP-51311,DevOps Engineer,Mid-Level,4.6,Fully Remote,United States,Medium (50-250),AWS / Cloud,172212,42129,214341,3.7,2.9
EMP-51312,Data Engineer,Mid-Level,5.0,In-Office,United States,Medium (50-250),Java & Spring,211002,0,211002,4.0,4.2
EMP-51313,Software Engineer,Senior,7.3,Fully Remote,United States,Large (250+),R & Statistics,201833,66642,268475,4.3,3.5
EMP-51314,Data Scientist,Mid-Level,3.8,Hybrid,United Kingdom,Large (250+),R & Statistics,134876,0,134876,3.9,3.7
EMP-51315,Cloud Architect,Senior,10.7,Hybrid,United States,Large (250+),AWS / Cloud,254088,62372,316460,4.3,3.5
EMP-51316,Data Engineer,Mid-Level,5.2,Hybrid,United States,Medium (50-250),R & Statistics,176412,50189,226601,3.4,4.4
EMP-51317,Software Engineer,Senior,8.9,Fully Remote,United Kingdom,Medium (50-250),AWS / Cloud,156561,70271,226832,3.7,3.3
EMP-51318,AI Research Scientist,Senior,9.2,Hybrid,Germany,Medium (50-250),PyTorch / TensorFlow,171383,21010,192393,3.6,3.9
EMP-51319,AI Research Scientist,Mid-Level,3.1,Fully Remote,United States,Large (250+),PyTorch / TensorFlow,233788,0,233788,3.5,4.0
EMP-51320,ML Engineer,Mid-Level,4.9,Fully Remote,United States,Medium (50-250),Python & SQL,185315,0,185315,4.6,4.2
EMP-51321,ML Engineer,Mid-Level,4.5,In-Office,United States,Medium (50-250),PyTorch / TensorFlow,180446,0,180446,2.8,4.6
EMP-51322,DevOps Engineer,Senior,8.7,Fully Remote,France,Medium (50-250),Kubernetes / Go,122792,39742,162534,4.2,2.2
EMP-51323,ML Engineer,Mid-Level,4.1,Fully Remote,United States,Small (<50),PyTorch / TensorFlow,177507,0,177507,3.7,3.2
EMP-51324,BI Analyst,Mid-Level,3.2,In-Office,United Kingdom,Large (250+),Python & SQL,115734,0,115734,4.4,3.4
EMP-51325,Data Scientist,Entry-Level,1.4,Fully Remote,United States,Medium (50-250),Python & SQL,127523,45617,173140,4.3,4.1
EMP-51326,ML Engineer,Mid-Level,5.9,Hybrid,United Kingdom,Medium (50-250),PyTorch / TensorFlow,149962,0,149962,3.8,3.9
EMP-51327,Software Engineer,Mid-Level,4.2,Fully Remote,United States,Small (<50),Kubernetes / Go,169127,0,169127,3.8,3.3
EMP-51328,Cloud Architect,Senior,8.3,Fully Remote,United States,Large (250+),Kubernetes / Go,260106,95373,355479,4.2,4.8
EMP-51329,Data Engineer,Mid-Level,3.2,Fully Remote,United Kingdom,Small (<50),Java & Spring,107825,0,107825,3.7,3.4
EMP-51330,Data Engineer,Mid-Level,3.1,Fully Remote,United States,Large (250+),Java & Spring,162650,45207,207857,3.8,4.7
EMP-51331,Cloud Architect,Senior,9.6,Fully Remote,United States,Small (<50),Kubernetes / Go,185737,52672,238409,5.0,4.0
EMP-51332,ML Engineer,Senior,8.7,Hybrid,Germany,Large (250+),PyTorch / TensorFlow,182378,0,182378,3.4,4.4
EMP-51333,BI Analyst,Mid-Level,4.5,Hybrid,France,Large (250+),Python & SQL,72553,0,72553,2.9,4.1
EMP-51334,BI Analyst,Mid-Level,3.7,In-Office,United States,Small (<50),Python & SQL,104758,0,104758,3.5,3.0
EMP-51335,Cloud Architect,Mid-Level,5.2,Fully Remote,Germany,Medium (50-250),AWS / Cloud,168090,0,168090,3.3,3.6
EMP-51336,ML Engineer,Lead / Principal,11.0,Hybrid,Singapore,Medium (50-250),Python & SQL,193905,64157,258062,3.4,3.2
EMP-51337,Cloud Architect,Entry-Level,1.4,Hybrid,India,Small (<50),AWS / Cloud,50976,10403,61379,2.3,2.8
EMP-51338,AI Research Scientist,Lead / Principal,12.8,In-Office,United Kingdom,Large (250+),PyTorch / TensorFlow,233791,69777,303568,3.7,2.6
EMP-51339,AI Research Scientist,Senior,7.4,Fully Remote,Canada,Medium (50-250),PyTorch / TensorFlow,183154,78443,261597,5.0,3.3
EMP-51340,ML Engineer,Senior,7.2,Hybrid,United States,Medium (50-250),PyTorch / TensorFlow,202853,83130,285983,3.8,4.4
EMP-51341,Data Scientist,Entry-Level,2.3,In-Office,United Kingdom,Small (<50),Python & SQL,107179,0,107179,2.3,3.2
EMP-51342,DevOps Engineer,Mid-Level,5.0,Fully Remote,United States,Medium (50-250),AWS / Cloud,187484,0,187484,4.5,2.3
EMP-51343,Cloud Architect,Mid-Level,5.5,In-Office,United States,Large (250+),AWS / Cloud,223700,46118,269818,3.4,4.6
EMP-51344,Software Engineer,Entry-Level,1.8,Fully Remote,United States,Medium (50-250),PyTorch / TensorFlow,146978,24221,171199,2.5,3.0
EMP-51345,Data Scientist,Senior,6.4,Hybrid,United States,Large (250+),Python & SQL,181097,0,181097,3.7,3.7
EMP-51346,Data Scientist,Executive,16.2,In-Office,Germany,Large (250+),Python & SQL,208566,22311,230877,3.9,3.2
EMP-51347,Data Scientist,Senior,10.9,Hybrid,United States,Small (<50),Python & SQL,187478,78809,266287,1.8,2.3
EMP-51348,BI Analyst,Senior,9.0,Hybrid,United Kingdom,Small (<50),Python & SQL,102033,23254,125287,3.6,4.6
EMP-51349,AI Research Scientist,Entry-Level,2.4,Fully Remote,United States,Large (250+),Python & SQL,201041,0,201041,5.0,3.2
EMP-51350,DevOps Engineer,Mid-Level,3.0,In-Office,United States,Medium (50-250),AWS / Cloud,134814,0,134814,3.4,3.6
EMP-51351,Data Engineer,Entry-Level,2.0,Hybrid,United Kingdom,Small (<50),Java & Spring,111957,0,111957,4.1,3.8
EMP-51352,Data Scientist,Senior,6.2,Fully Remote,France,Medium (50-250),Python & SQL,125091,18012,143103,4.6,3.2
EMP-51353,Cloud Architect,Lead / Principal,13.4,Hybrid,United States,Medium (50-250),Kubernetes / Go,257757,88674,346431,2.8,4.8
EMP-51354,Data Engineer,Senior,10.6,Hybrid,United States,Large (250+),Kubernetes / Go,249903,102919,352822,2.7,3.8
EMP-51355,DevOps Engineer,Entry-Level,2.9,Fully Remote,India,Small (<50),Kubernetes / Go,63049,19086,82135,3.5,4.6
EMP-51356,DevOps Engineer,Mid-Level,4.6,Fully Remote,United States,Small (<50),Kubernetes / Go,162582,45584,208166,3.3,3.1
EMP-51357,Data Scientist,Senior,8.3,Fully Remote,India,Large (250+),Python & SQL,92963,27930,120893,3.5,4.0
EMP-51358,ML Engineer,Mid-Level,5.8,Hybrid,United Kingdom,Large (250+),PyTorch / TensorFlow,175117,0,175117,3.9,2.7
EMP-51359,Data Engineer,Senior,9.4,Hybrid,United States,Medium (50-250),Kubernetes / Go,183080,50212,233292,3.6,3.7
EMP-51360,Product Manager,Senior,6.3,Hybrid,United States,Large (250+),Python & SQL,193851,69421,263272,4.7,3.0
EMP-51361,ML Engineer,Senior,8.3,Hybrid,United States,Medium (50-250),PyTorch / TensorFlow,218519,0,218519,3.6,3.2
EMP-51362,Data Engineer,Mid-Level,3.7,In-Office,United States,Large (250+),AWS / Cloud,184172,35679,219851,3.4,3.5
EMP-51363,Cloud Architect,Mid-Level,4.4,Hybrid,Australia,Medium (50-250),AWS / Cloud,135667,0,135667,4.6,4.0
EMP-51364,Software Engineer,Entry-Level,1.9,Fully Remote,Canada,Medium (50-250),Kubernetes / Go,113327,36894,150221,3.1,3.0
EMP-51365,ML Engineer,Mid-Level,4.7,Hybrid,Germany,Large (250+),PyTorch / TensorFlow,141370,31661,173031,2.4,3.5
EMP-51366,Cloud Architect,Mid-Level,4.1,Fully Remote,Canada,Medium (50-250),AWS / Cloud,153612,0,153612,4.5,3.1
EMP-51367,DevOps Engineer,Senior,6.8,Hybrid,United States,Large (250+),Kubernetes / Go,184009,78161,262170,2.7,4.8
EMP-51368,ML Engineer,Senior,8.5,Hybrid,Germany,Medium (50-250),Python & SQL,186617,43126,229743,3.1,3.9
EMP-51369,ML Engineer,Entry-Level,2.7,Fully Remote,United Kingdom,Large (250+),Python & SQL,125973,0,125973,3.1,4.5
EMP-51370,BI Analyst,Mid-Level,5.0,In-Office,Canada,Large (250+),Python & SQL,110112,0,110112,4.6,5.0
EMP-51371,ML Engineer,Mid-Level,4.0,Fully Remote,United States,Medium (50-250),PyTorch / TensorFlow,181827,0,181827,3.5,4.5
EMP-51372,DevOps Engineer,Entry-Level,2.9,Hybrid,Germany,Large (250+),Kubernetes / Go,113503,20173,133676,3.1,4.0
EMP-51373,Data Engineer,Senior,10.6,Fully Remote,Australia,Medium (50-250),AWS / Cloud,201325,60675,262000,5.0,2.6
EMP-51374,ML Engineer,Entry-Level,1.4,In-Office,United States,Large (250+),PyTorch / TensorFlow,170350,0,170350,3.8,3.3
EMP-51375,DevOps Engineer,Mid-Level,3.1,Fully Remote,United States,Medium (50-250),AWS / Cloud,176400,50561,226961,2.5,2.7
EMP-51376,Data Scientist,Entry-Level,2.5,Fully Remote,United Kingdom,Large (250+),Python & SQL,118612,0,118612,4.2,4.7
EMP-51377,Data Engineer,Lead / Principal,15.0,Fully Remote,United States,Medium (50-250),PyTorch / TensorFlow,238476,49557,288033,3.7,3.2
EMP-51378,Data Scientist,Senior,10.8,Fully Remote,Germany,Medium (50-250),Python & SQL,140429,21350,161779,3.9,3.7
EMP-51379,Data Engineer,Mid-Level,5.7,Fully Remote,Singapore,Small (<50),Python & SQL,122318,0,122318,4.5,2.6
EMP-51380,ML Engineer,Mid-Level,4.8,Hybrid,United Kingdom,Medium (50-250),PyTorch / TensorFlow,156182,19319,175501,3.9,3.3
EMP-51381,Data Scientist,Senior,8.7,Hybrid,United Kingdom,Large (250+),R & Statistics,174312,28686,202998,3.3,5.0
EMP-51382,BI Analyst,Lead / Principal,10.2,Fully Remote,Germany,Medium (50-250),Python & SQL,98104,22654,120758,4.0,3.9
EMP-51383,ML Engineer,Mid-Level,3.7,Fully Remote,United States,Medium (50-250),PyTorch / TensorFlow,200054,0,200054,3.2,3.2
EMP-51384,Cloud Architect,Lead / Principal,12.8,Hybrid,United States,Medium (50-250),Kubernetes / Go,227111,79078,306189,4.2,4.1
EMP-51385,Data Scientist,Lead / Principal,13.8,Hybrid,Australia,Medium (50-250),Python & SQL,176148,53641,229789,3.0,3.6
EMP-51386,Software Engineer,Lead / Principal,13.3,Hybrid,Germany,Small (<50),R & Statistics,129060,36511,165571,3.0,3.8
EMP-51387,ML Engineer,Senior,9.7,Hybrid,United States,Large (250+),Python & SQL,238754,80138,318892,3.0,4.5
EMP-51388,BI Analyst,Senior,7.4,Fully Remote,United States,Large (250+),R & Statistics,165192,51534,216726,4.0,3.2
EMP-51389,Data Scientist,Mid-Level,4.7,Fully Remote,Germany,Medium (50-250),Python & SQL,98910,0,98910,2.7,3.1
EMP-51390,ML Engineer,Senior,6.4,Fully Remote,Canada,Small (<50),PyTorch / TensorFlow,138351,35560,173911,3.5,2.8
EMP-51391,AI Research Scientist,Senior,8.1,In-Office,India,Small (<50),PyTorch / TensorFlow,80545,16720,97265,3.2,4.9
EMP-51392,ML Engineer,Senior,9.8,In-Office,United States,Medium (50-250),Python & SQL,241325,107682,349007,3.4,4.1
EMP-51393,Data Engineer,Mid-Level,5.1,Hybrid,Singapore,Medium (50-250),Java & Spring,135597,0,135597,3.2,3.4
EMP-51394,Data Scientist,Senior,11.0,Fully Remote,United Kingdom,Large (250+),R & Statistics,174217,52485,226702,3.0,3.5
EMP-51395,Software Engineer,Senior,7.4,Fully Remote,Germany,Medium (50-250),PyTorch / TensorFlow,125648,20340,145988,2.7,3.9
EMP-51396,Data Scientist,Entry-Level,2.0,Fully Remote,United Kingdom,Large (250+),R & Statistics,138394,33009,171403,4.4,2.3
EMP-51397,ML Engineer,Senior,7.6,Hybrid,United States,Medium (50-250),PyTorch / TensorFlow,214810,39777,254587,3.3,3.7
EMP-51398,Data Engineer,Senior,8.2,Fully Remote,Singapore,Medium (50-250),Java & Spring,166437,33086,199523,2.6,3.6
EMP-51399,Cloud Architect,Senior,10.3,In-Office,United States,Medium (50-250),Kubernetes / Go,218019,77225,295244,4.3,4.5
EMP-51400,ML Engineer,Mid-Level,5.1,Fully Remote,United States,Small (<50),Python & SQL,164141,36175,200316,3.7,3.6
EMP-51401,ML Engineer,Mid-Level,5.6,In-Office,India,Medium (50-250),PyTorch / TensorFlow,89160,22832,111992,4.3,4.2
EMP-51402,AI Research Scientist,Lead / Principal,11.2,Hybrid,Germany,Large (250+),PyTorch / TensorFlow,218588,94547,313135,4.1,2.7
EMP-51403,Software Engineer,Mid-Level,5.6,Hybrid,India,Medium (50-250),Kubernetes / Go,45329,0,45329,3.4,3.5
EMP-51404,Cloud Architect,Senior,6.3,Hybrid,United Kingdom,Large (250+),Kubernetes / Go,140807,27644,168451,3.5,4.4
EMP-51405,Data Scientist,Mid-Level,5.7,Hybrid,United States,Medium (50-250),R & Statistics,175526,38950,214476,2.5,4.1
EMP-51406,Software Engineer,Mid-Level,4.0,Hybrid,Australia,Small (<50),Java & Spring,104761,0,104761,2.7,4.3
EMP-51407,Software Engineer,Mid-Level,3.9,Hybrid,United States,Medium (50-250),Java & Spring,153790,0,153790,1.9,3.0
EMP-51408,Data Engineer,Senior,8.6,Hybrid,India,Medium (50-250),Python & SQL,90284,23803,114087,2.4,3.7
EMP-51409,DevOps Engineer,Mid-Level,5.8,In-Office,United States,Medium (50-250),Kubernetes / Go,170411,0,170411,3.6,2.4
EMP-51410,ML Engineer,Entry-Level,1.1,Hybrid,India,Small (<50),Python & SQL,83470,0,83470,2.9,3.0
EMP-51411,ML Engineer,Mid-Level,4.1,Hybrid,United States,Medium (50-250),PyTorch / TensorFlow,178067,0,178067,2.8,3.3
EMP-51412,ML Engineer,Entry-Level,2.7,In-Office,United Kingdom,Small (<50),PyTorch / TensorFlow,100226,0,100226,2.7,3.3
EMP-51413,AI Research Scientist,Executive,17.2,Fully Remote,Australia,Small (<50),PyTorch / TensorFlow,215779,72241,288020,4.6,3.2
EMP-51414,Data Engineer,Lead / Principal,11.2,Fully Remote,United Kingdom,Medium (50-250),R & Statistics,153301,61368,214669,4.3,3.7
EMP-51415,Product Manager,Mid-Level,4.3,Hybrid,Canada,Medium (50-250),AWS / Cloud,136724,32137,168861,1.3,4.1
EMP-51416,AI Research Scientist,Senior,7.9,Hybrid,India,Large (250+),PyTorch / TensorFlow,99143,27565,126708,3.0,3.2
EMP-51417,ML Engineer,Mid-Level,5.7,In-Office,Canada,Medium (50-250),PyTorch / TensorFlow,163125,0,163125,3.9,4.2
EMP-51418,Data Scientist,Senior,9.8,Hybrid,Australia,Large (250+),Python & SQL,196419,69605,266024,3.9,4.0
EMP-51419,Product Manager,Senior,8.5,Hybrid,United States,Medium (50-250),Python & SQL,189612,83163,272775,4.2,3.4
EMP-51420,Data Scientist,Lead / Principal,15.9,Hybrid,United States,Large (250+),Python & SQL,268392,0,268392,4.6,3.9
EMP-51421,Data Engineer,Mid-Level,4.4,Fully Remote,United States,Medium (50-250),AWS / Cloud,160641,52327,212968,3.7,3.4
EMP-51422,AI Research Scientist,Senior,6.3,Hybrid,United States,Large (250+),PyTorch / TensorFlow,246680,86596,333276,3.0,2.6
EMP-51423,ML Engineer,Mid-Level,3.8,In-Office,United States,Medium (50-250),Python & SQL,180965,0,180965,3.4,4.7
EMP-51424,BI Analyst,Executive,17.5,Fully Remote,United Kingdom,Large (250+),Python & SQL,149670,47120,196790,4.0,3.8
EMP-51425,BI Analyst,Entry-Level,1.3,Hybrid,United States,Medium (50-250),R & Statistics,99397,35942,135339,4.2,4.2
EMP-51426,AI Research Scientist,Senior,10.7,Hybrid,United States,Small (<50),PyTorch / TensorFlow,229466,0,229466,2.2,3.3
EMP-51427,Product Manager,Senior,9.8,Fully Remote,United States,Medium (50-250),Python & SQL,195890,84707,280597,4.0,4.7
EMP-51428,Cloud Architect,Senior,7.3,Fully Remote,India,Small (<50),Kubernetes / Go,57122,15365,72487,3.8,3.9
EMP-51429,DevOps Engineer,Entry-Level,2.2,In-Office,United Kingdom,Medium (50-250),AWS / Cloud,88545,22027,110572,4.0,4.3
EMP-51430,Data Scientist,Lead / Principal,14.3,Fully Remote,United States,Small (<50),R & Statistics,221104,45187,266291,3.7,4.3
EMP-51431,Data Engineer,Mid-Level,5.8,Fully Remote,Australia,Medium (50-250),Kubernetes / Go,151023,42870,193893,3.3,3.4
EMP-51432,Data Engineer,Senior,10.4,Fully Remote,United States,Large (250+),Python & SQL,249830,75541,325371,4.2,3.3
EMP-51433,Cloud Architect,Mid-Level,4.5,Hybrid,France,Medium (50-250),Kubernetes / Go,138184,0,138184,3.6,3.5
EMP-51434,ML Engineer,Mid-Level,5.3,Hybrid,Germany,Large (250+),PyTorch / TensorFlow,150412,0,150412,3.7,4.0
EMP-51435,AI Research Scientist,Senior,8.8,Hybrid,United States,Medium (50-250),PyTorch / TensorFlow,247200,0,247200,2.6,2.2
EMP-51436,Data Scientist,Mid-Level,4.7,Fully Remote,Germany,Medium (50-250),R & Statistics,130162,16558,146720,3.5,3.9
EMP-51437,Cloud Architect,Entry-Level,1.2,In-Office,Canada,Large (250+),Kubernetes / Go,147541,29381,176922,2.9,4.4
EMP-51438,ML Engineer,Entry-Level,1.3,Fully Remote,United States,Large (250+),PyTorch / TensorFlow,191484,0,191484,3.1,3.8
EMP-51439,Cloud Architect,Mid-Level,4.6,Fully Remote,India,Large (250+),Kubernetes / Go,84446,0,84446,4.8,4.2
EMP-51440,BI Analyst,Senior,7.3,Hybrid,United States,Medium (50-250),Python & SQL,143396,32202,175598,4.3,3.4
EMP-51441,AI Research Scientist,Lead / Principal,10.1,Fully Remote,United States,Medium (50-250),PyTorch / TensorFlow,254768,0,254768,4.0,2.9
EMP-51442,Cloud Architect,Entry-Level,2.4,In-Office,United States,Medium (50-250),Kubernetes / Go,175297,36850,212147,2.9,4.3
EMP-51443,Data Scientist,Mid-Level,3.1,In-Office,United States,Medium (50-250),Python & SQL,157332,34671,192003,3.7,3.3
EMP-51444,DevOps Engineer,Entry-Level,2.2,Fully Remote,United States,Medium (50-250),AWS / Cloud,137402,59150,196552,4.2,4.5
EMP-51445,ML Engineer,Entry-Level,2.1,In-Office,Australia,Large (250+),PyTorch / TensorFlow,191306,0,191306,3.2,4.1
EMP-51446,Cloud Architect,Senior,10.8,Hybrid,United States,Large (250+),Kubernetes / Go,236355,40091,276446,2.4,2.7
EMP-51447,Software Engineer,Senior,8.4,In-Office,United States,Medium (50-250),R & Statistics,177580,49104,226684,3.4,3.1
EMP-51448,Product Manager,Entry-Level,1.1,Fully Remote,United Kingdom,Small (<50),Kubernetes / Go,92861,0,92861,2.5,3.8
EMP-51449,Cloud Architect,Mid-Level,4.7,Hybrid,Australia,Large (250+),AWS / Cloud,186959,74390,261349,3.0,3.7
EMP-51450,Data Engineer,Entry-Level,2.7,Fully Remote,France,Small (<50),AWS / Cloud,115545,0,115545,4.0,3.3
EMP-51451,Data Engineer,Senior,11.0,In-Office,Canada,Medium (50-250),AWS / Cloud,171488,53613,225101,2.4,2.0
EMP-51452,DevOps Engineer,Executive,17.4,Fully Remote,France,Small (<50),AWS / Cloud,137487,40894,178381,4.5,4.0
EMP-51453,Data Engineer,Entry-Level,1.6,Hybrid,Canada,Medium (50-250),R & Statistics,127911,41237,169148,4.7,3.5
EMP-51454,AI Research Scientist,Mid-Level,5.7,Fully Remote,Singapore,Large (250+),PyTorch / TensorFlow,205496,58686,264182,4.0,3.7
EMP-51455,Product Manager,Lead / Principal,11.1,Fully Remote,Germany,Small (<50),Kubernetes / Go,131080,32022,163102,4.7,2.7
EMP-51456,Cloud Architect,Lead / Principal,13.7,Hybrid,United States,Medium (50-250),Kubernetes / Go,248671,97067,345738,3.5,4.8
EMP-51457,Cloud Architect,Mid-Level,4.2,In-Office,United States,Medium (50-250),AWS / Cloud,183635,0,183635,3.8,2.6
EMP-51458,ML Engineer,Entry-Level,1.1,Hybrid,Germany,Large (250+),PyTorch / TensorFlow,135286,57993,193279,3.5,4.1
EMP-51459,Cloud Architect,Entry-Level,1.7,In-Office,United States,Large (250+),Kubernetes / Go,197202,82914,280116,2.3,3.4
EMP-51460,Data Scientist,Senior,7.3,Fully Remote,United States,Medium (50-250),R & Statistics,174316,70421,244737,3.3,3.5
EMP-51461,Cloud Architect,Mid-Level,5.1,Hybrid,United Kingdom,Small (<50),Kubernetes / Go,145612,53159,198771,2.1,4.4
EMP-51462,ML Engineer,Entry-Level,2.9,Hybrid,Singapore,Medium (50-250),PyTorch / TensorFlow,149835,62854,212689,2.6,4.5
EMP-51463,Cloud Architect,Senior,7.3,Fully Remote,United States,Medium (50-250),Kubernetes / Go,208855,81459,290314,3.6,4.1
EMP-51464,BI Analyst,Entry-Level,2.6,Hybrid,Canada,Medium (50-250),Python & SQL,89407,0,89407,2.7,4.4
EMP-51465,AI Research Scientist,Senior,6.3,Hybrid,Canada,Small (<50),PyTorch / TensorFlow,153068,33569,186637,3.7,3.9
EMP-51466,BI Analyst,Mid-Level,4.6,Hybrid,Singapore,Small (<50),Python & SQL,82231,20842,103073,3.3,4.3
EMP-51467,Data Scientist,Entry-Level,1.1,Hybrid,Singapore,Medium (50-250),Python & SQL,114513,0,114513,3.0,3.1
EMP-51468,DevOps Engineer,Senior,10.7,Hybrid,Canada,Small (<50),Kubernetes / Go,165619,24431,190050,2.2,3.8
EMP-51469,Software Engineer,Mid-Level,5.3,Fully Remote,United Kingdom,Large (250+),AWS / Cloud,141945,0,141945,3.9,4.6
EMP-51470,Data Engineer,Executive,19.3,Fully Remote,United States,Small (<50),AWS / Cloud,236429,70315,306744,4.4,4.5
EMP-51471,Software Engineer,Senior,10.1,Hybrid,United Kingdom,Small (<50),Kubernetes / Go,125839,32601,158440,3.6,4.1
EMP-51472,DevOps Engineer,Mid-Level,4.9,Fully Remote,Canada,Large (250+),AWS / Cloud,152944,23787,176731,2.9,3.4
EMP-51473,Data Scientist,Senior,10.8,Fully Remote,Australia,Medium (50-250),Python & SQL,170454,52250,222704,2.8,3.3
EMP-51474,Data Scientist,Mid-Level,5.1,Hybrid,Canada,Large (250+),Python & SQL,147563,0,147563,3.1,4.3
EMP-51475,Cloud Architect,Lead / Principal,15.5,Hybrid,United States,Small (<50),AWS / Cloud,226112,35265,261377,3.0,3.7
EMP-51476,Software Engineer,Mid-Level,4.6,Fully Remote,United Kingdom,Medium (50-250),R & Statistics,109718,36850,146568,4.9,3.9
EMP-51477,Software Engineer,Senior,6.6,Hybrid,United States,Large (250+),Python & SQL,198200,0,198200,4.4,3.1
EMP-51478,Software Engineer,Entry-Level,2.1,Hybrid,United States,Medium (50-250),R & Statistics,137714,0,137714,3.4,2.6
EMP-51479,Data Scientist,Mid-Level,3.4,Fully Remote,United States,Large (250+),Python & SQL,200762,0,200762,3.7,4.4
EMP-51480,Software Engineer,Senior,9.0,Hybrid,United States,Medium (50-250),AWS / Cloud,195803,73720,269523,4.8,3.7
EMP-51481,ML Engineer,Senior,8.4,Hybrid,India,Medium (50-250),Python & SQL,115374,45532,160906,2.4,3.9
EMP-51482,Data Engineer,Mid-Level,4.9,Hybrid,United States,Medium (50-250),PyTorch / TensorFlow,165317,0,165317,3.4,3.8
EMP-51483,AI Research Scientist,Mid-Level,3.0,Hybrid,United States,Medium (50-250),PyTorch / TensorFlow,200156,0,200156,3.5,4.2
EMP-51484,Data Scientist,Senior,7.0,Fully Remote,Singapore,Small (<50),Python & SQL,136662,31172,167834,4.0,3.0
EMP-51485,Data Scientist,Lead / Principal,12.9,Hybrid,United States,Medium (50-250),Python & SQL,206375,36250,242625,4.1,3.4
EMP-51486,Data Scientist,Entry-Level,2.9,Fully Remote,United States,Medium (50-250),R & Statistics,144905,21956,166861,4.3,4.5
EMP-51487,Cloud Architect,Mid-Level,4.2,In-Office,United States,Medium (50-250),Kubernetes / Go,179546,0,179546,4.7,3.1
EMP-51488,Data Scientist,Mid-Level,4.3,Hybrid,United States,Large (250+),Python & SQL,184638,71289,255927,2.9,2.9
EMP-51489,Data Scientist,Lead / Principal,14.3,Hybrid,United States,Medium (50-250),Python & SQL,236556,56953,293509,2.4,4.3
EMP-51490,ML Engineer,Entry-Level,2.2,Fully Remote,United States,Large (250+),Python & SQL,186269,46301,232570,3.8,5.0
EMP-51491,Data Scientist,Mid-Level,3.9,Fully Remote,United Kingdom,Medium (50-250),Python & SQL,117152,0,117152,4.3,4.0
EMP-51492,ML Engineer,Senior,8.1,Fully Remote,United States,Medium (50-250),Python & SQL,212487,0,212487,3.0,3.3
EMP-51493,AI Research Scientist,Entry-Level,1.4,Hybrid,United States,Large (250+),Python & SQL,183504,58094,241598,3.9,3.4
EMP-51494,Data Engineer,Mid-Level,5.9,Fully Remote,India,Medium (50-250),AWS / Cloud,68295,28265,96560,3.8,5.0
EMP-51495,Cloud Architect,Mid-Level,3.4,Hybrid,United States,Medium (50-250),Kubernetes / Go,160526,0,160526,2.1,3.2
EMP-51496,Data Engineer,Mid-Level,4.1,Fully Remote,Australia,Small (<50),PyTorch / TensorFlow,135667,0,135667,4.2,3.0
EMP-51497,Data Scientist,Mid-Level,3.1,In-Office,United Kingdom,Medium (50-250),Python & SQL,118019,0,118019,4.0,3.7
EMP-51498,Data Scientist,Mid-Level,3.7,Fully Remote,United States,Medium (50-250),Python & SQL,161068,0,161068,4.5,4.1
EMP-51499,DevOps Engineer,Entry-Level,2.6,In-Office,Canada,Large (250+),AWS / Cloud,132001,0,132001,4.9,4.1
EMP-51500,Data Engineer,Senior,7.0,In-Office,United States,Medium (50-250),Python & SQL,199606,22307,221913,4.6,3.3
EMP-51501,Data Scientist,Senior,6.4,Hybrid,United States,Large (250+),R & Statistics,191208,42147,233355,2.3,3.6
EMP-51502,AI Research Scientist,Senior,8.4,Hybrid,Germany,Medium (50-250),PyTorch / TensorFlow,185397,24581,209978,3.2,2.8
EMP-51503,Data Scientist,Entry-Level,1.0,Hybrid,United Kingdom,Medium (50-250),R & Statistics,108305,0,108305,2.9,3.2
EMP-51504,Data Scientist,Entry-Level,1.2,Hybrid,Canada,Medium (50-250),R & Statistics,97288,0,97288,4.1,3.9
EMP-51505,Data Scientist,Mid-Level,5.4,Fully Remote,Australia,Large (250+),Python & SQL,149553,28304,177857,4.1,3.0
EMP-51506,Data Engineer,Mid-Level,5.3,Fully Remote,United States,Large (250+),R & Statistics,180950,0,180950,4.0,4.1
EMP-51507,Data Engineer,Mid-Level,5.7,Hybrid,United Kingdom,Small (<50),Java & Spring,134448,0,134448,3.3,3.9
EMP-51508,Data Engineer,Senior,10.3,Hybrid,United Kingdom,Medium (50-250),Java & Spring,156726,43100,199826,3.7,4.6
EMP-51509,Software Engineer,Entry-Level,2.4,Hybrid,France,Medium (50-250),Java & Spring,97983,0,97983,3.7,1.8
EMP-51510,Software Engineer,Entry-Level,1.1,Fully Remote,India,Small (<50),Java & Spring,42000,11322,53322,4.3,2.8
EMP-51511,Cloud Architect,Mid-Level,5.3,Fully Remote,Australia,Medium (50-250),AWS / Cloud,163410,72418,235828,4.9,2.2
EMP-51512,Product Manager,Senior,10.2,Fully Remote,United States,Large (250+),R & Statistics,245313,104688,350001,4.5,3.9
EMP-51513,AI Research Scientist,Mid-Level,5.4,Fully Remote,Canada,Medium (50-250),PyTorch / TensorFlow,171830,57338,229168,3.6,3.9
EMP-51514,ML Engineer,Senior,8.5,Fully Remote,United States,Large (250+),PyTorch / TensorFlow,248598,61558,310156,4.2,4.2
EMP-51515,AI Research Scientist,Mid-Level,3.7,Fully Remote,United States,Medium (50-250),PyTorch / TensorFlow,222883,0,222883,3.9,3.0
EMP-51516,Cloud Architect,Lead / Principal,15.1,Fully Remote,Singapore,Medium (50-250),Kubernetes / Go,200134,46826,246960,2.8,3.5
EMP-51517,DevOps Engineer,Lead / Principal,14.4,Hybrid,United States,Small (<50),AWS / Cloud,195963,39586,235549,3.8,3.6
EMP-51518,ML Engineer,Mid-Level,5.9,Fully Remote,Singapore,Large (250+),Python & SQL,179095,0,179095,3.7,3.8
EMP-51519,Product Manager,Mid-Level,3.5,Hybrid,United States,Large (250+),Python & SQL,159967,43945,203912,5.0,4.9
EMP-51520,AI Research Scientist,Mid-Level,3.7,Fully Remote,India,Medium (50-250),PyTorch / TensorFlow,87209,16070,103279,3.9,4.2
EMP-51521,Product Manager,Mid-Level,3.6,In-Office,United States,Small (<50),PyTorch / TensorFlow,158595,0,158595,2.0,3.5
EMP-51522,Data Scientist,Senior,10.0,Hybrid,United States,Small (<50),R & Statistics,180408,39092,219500,3.3,3.2
EMP-51523,ML Engineer,Senior,6.9,Fully Remote,United States,Small (<50),PyTorch / TensorFlow,182743,0,182743,4.1,2.5
EMP-51524,Data Engineer,Senior,6.3,Hybrid,United Kingdom,Medium (50-250),Kubernetes / Go,152611,43797,196408,3.6,3.0
EMP-51525,ML Engineer,Senior,11.0,Fully Remote,United States,Large (250+),PyTorch / TensorFlow,279278,0,279278,3.8,3.5
EMP-51526,Data Scientist,Mid-Level,3.1,Hybrid,Germany,Small (<50),Python & SQL,116956,0,116956,3.9,5.0
EMP-51527,Data Scientist,Entry-Level,2.7,Fully Remote,United States,Large (250+),Python & SQL,178771,0,178771,3.4,3.2
EMP-51528,Software Engineer,Senior,7.8,In-Office,United States,Medium (50-250),Kubernetes / Go,159924,36556,196480,1.9,3.4
EMP-51529,Data Engineer,Mid-Level,5.5,Hybrid,United States,Medium (50-250),Kubernetes / Go,184028,0,184028,4.6,3.5
EMP-51530,Data Scientist,Senior,8.8,Fully Remote,United States,Large (250+),Python & SQL,224044,0,224044,3.7,3.7
EMP-51531,Data Engineer,Mid-Level,5.7,Hybrid,India,Small (<50),Python & SQL,81206,0,81206,3.7,4.7
EMP-51532,Cloud Architect,Entry-Level,2.9,Fully Remote,Australia,Large (250+),AWS / Cloud,137284,46134,183418,3.7,2.7
EMP-51533,ML Engineer,Executive,14.1,In-Office,United States,Small (<50),Python & SQL,240347,71056,311403,2.3,4.0
EMP-51534,Data Scientist,Entry-Level,1.2,Hybrid,United Kingdom,Medium (50-250),Python & SQL,111837,0,111837,2.8,4.5
EMP-51535,ML Engineer,Executive,16.0,Hybrid,Canada,Large (250+),PyTorch / TensorFlow,241360,0,241360,2.2,2.2
EMP-51536,ML Engineer,Executive,19.4,Fully Remote,United States,Large (250+),PyTorch / TensorFlow,317387,69825,387212,4.7,4.2
EMP-51537,Cloud Architect,Senior,10.4,In-Office,United States,Medium (50-250),AWS / Cloud,210735,47851,258586,3.1,2.8
EMP-51538,ML Engineer,Senior,8.3,Hybrid,United Kingdom,Medium (50-250),PyTorch / TensorFlow,143292,31169,174461,3.3,3.9
EMP-51539,Data Engineer,Senior,9.0,Fully Remote,United States,Large (250+),Java & Spring,240055,0,240055,4.2,4.2
EMP-51540,Cloud Architect,Lead / Principal,11.1,Fully Remote,United States,Large (250+),Kubernetes / Go,242999,25318,268317,4.9,3.4
EMP-51541,ML Engineer,Mid-Level,5.4,Fully Remote,United States,Small (<50),PyTorch / TensorFlow,172028,0,172028,3.3,3.5
EMP-51542,Data Engineer,Mid-Level,5.9,In-Office,Germany,Large (250+),Java & Spring,150783,0,150783,3.8,3.5
EMP-51543,ML Engineer,Senior,7.3,Fully Remote,United States,Medium (50-250),Python & SQL,206897,47594,254491,3.9,3.1
EMP-51544,BI Analyst,Mid-Level,4.5,Hybrid,United States,Medium (50-250),Python & SQL,116047,42921,158968,3.1,3.8
EMP-51545,Data Engineer,Mid-Level,3.3,Fully Remote,United States,Medium (50-250),Python & SQL,171121,0,171121,3.4,3.5
EMP-51546,Software Engineer,Mid-Level,4.7,Fully Remote,United States,Medium (50-250),PyTorch / TensorFlow,168527,41605,210132,4.4,4.1
EMP-51547,Data Engineer,Senior,8.5,Hybrid,United States,Large (250+),Python & SQL,224934,32524,257458,4.6,3.8
EMP-51548,AI Research Scientist,Lead / Principal,10.9,In-Office,Australia,Medium (50-250),PyTorch / TensorFlow,204526,0,204526,4.3,4.1
EMP-51549,Cloud Architect,Mid-Level,4.3,Hybrid,United States,Large (250+),AWS / Cloud,200336,0,200336,3.5,3.5
EMP-51550,Product Manager,Lead / Principal,12.0,Hybrid,Germany,Small (<50),Python & SQL,160446,18395,178841,2.7,4.1
EMP-51551,Data Engineer,Senior,8.6,Hybrid,United States,Large (250+),Java & Spring,210723,0,210723,2.8,3.9
EMP-51552,Software Engineer,Senior,8.9,Fully Remote,Germany,Large (250+),Python & SQL,166180,64839,231019,4.1,4.1
EMP-51553,DevOps Engineer,Senior,6.0,Fully Remote,United Kingdom,Medium (50-250),AWS / Cloud,133894,16837,150731,3.9,2.9
EMP-51554,ML Engineer,Senior,9.8,Hybrid,United States,Medium (50-250),PyTorch / TensorFlow,226077,0,226077,3.5,3.6
EMP-51555,ML Engineer,Entry-Level,2.4,In-Office,India,Medium (50-250),Python & SQL,50187,16744,66931,4.4,4.2
EMP-51556,Data Engineer,Senior,7.8,In-Office,United Kingdom,Large (250+),R & Statistics,162136,66479,228615,2.8,3.7
EMP-51557,Data Scientist,Entry-Level,1.1,Fully Remote,India,Large (250+),Python & SQL,85570,13205,98775,3.9,4.4
EMP-51558,Software Engineer,Lead / Principal,14.5,Fully Remote,United States,Small (<50),PyTorch / TensorFlow,188762,23757,212519,2.6,1.2
EMP-51559,DevOps Engineer,Executive,21.6,Fully Remote,France,Large (250+),Kubernetes / Go,209509,42000,251509,2.3,3.7
EMP-51560,Data Scientist,Mid-Level,3.7,In-Office,Canada,Medium (50-250),R & Statistics,137121,54391,191512,3.8,2.7
EMP-51561,ML Engineer,Mid-Level,4.0,In-Office,Singapore,Medium (50-250),PyTorch / TensorFlow,150970,0,150970,3.2,3.5
EMP-51562,Software Engineer,Senior,6.9,Hybrid,United Kingdom,Large (250+),Python & SQL,150850,65339,216189,3.4,3.8
EMP-51563,ML Engineer,Mid-Level,4.7,Fully Remote,United Kingdom,Medium (50-250),Python & SQL,132281,0,132281,3.9,4.3
EMP-51564,Software Engineer,Lead / Principal,10.9,Hybrid,Canada,Large (250+),Python & SQL,198689,25296,223985,2.9,5.0
EMP-51565,Data Scientist,Entry-Level,1.7,Hybrid,Australia,Medium (50-250),Python & SQL,125681,14948,140629,3.4,4.4
EMP-51566,Cloud Architect,Entry-Level,2.4,Fully Remote,Singapore,Small (<50),Kubernetes / Go,126781,21639,148420,4.0,2.6
EMP-51567,AI Research Scientist,Executive,18.5,Hybrid,United States,Medium (50-250),Python & SQL,311762,79754,391516,3.1,3.3
EMP-51568,Data Engineer,Senior,7.9,Fully Remote,Canada,Small (<50),AWS / Cloud,167862,72109,239971,4.0,2.8
EMP-51569,Data Scientist,Senior,8.1,Fully Remote,United States,Large (250+),R & Statistics,211536,72489,284025,3.9,4.0
EMP-51570,Data Engineer,Mid-Level,4.7,In-Office,United Kingdom,Medium (50-250),Kubernetes / Go,126065,19494,145559,3.3,4.2
EMP-51571,ML Engineer,Senior,6.0,Hybrid,United States,Medium (50-250),PyTorch / TensorFlow,194292,84235,278527,3.4,4.7
EMP-51572,Software Engineer,Senior,6.4,Hybrid,United States,Small (<50),Python & SQL,136492,23191,159683,2.9,4.0
EMP-51573,DevOps Engineer,Senior,10.4,Hybrid,Singapore,Medium (50-250),Kubernetes / Go,134229,31679,165908,3.3,4.5
EMP-51574,ML Engineer,Senior,6.4,Fully Remote,United States,Large (250+),PyTorch / TensorFlow,218165,0,218165,3.4,3.4
EMP-51575,AI Research Scientist,Senior,9.5,Hybrid,Germany,Small (<50),PyTorch / TensorFlow,179566,0,179566,4.2,2.8
EMP-51576,AI Research Scientist,Mid-Level,5.8,Hybrid,United Kingdom,Medium (50-250),Python & SQL,178110,0,178110,3.9,3.7
EMP-51577,Cloud Architect,Mid-Level,3.8,Hybrid,United States,Large (250+),AWS / Cloud,209006,0,209006,4.0,3.8
EMP-51578,Data Engineer,Senior,7.9,Hybrid,United States,Medium (50-250),Kubernetes / Go,178052,30772,208824,2.9,3.4
EMP-51579,Data Engineer,Mid-Level,4.7,Fully Remote,United Kingdom,Large (250+),Kubernetes / Go,150089,16421,166510,3.5,3.8
EMP-51580,ML Engineer,Senior,10.4,Fully Remote,United States,Small (<50),Python & SQL,219038,66556,285594,3.9,2.3
EMP-51581,Data Scientist,Mid-Level,5.8,Hybrid,India,Medium (50-250),Python & SQL,68089,0,68089,3.3,2.4
EMP-51582,Data Engineer,Senior,9.7,Fully Remote,France,Large (250+),R & Statistics,136783,58432,195215,3.1,4.4
EMP-51583,Data Engineer,Senior,6.4,Hybrid,United States,Large (250+),R & Statistics,199714,25646,225360,2.9,3.5
EMP-51584,BI Analyst,Mid-Level,5.0,Fully Remote,United States,Medium (50-250),Python & SQL,132679,0,132679,3.8,4.1
EMP-51585,ML Engineer,Entry-Level,1.8,Fully Remote,United States,Medium (50-250),PyTorch / TensorFlow,173068,70459,243527,4.8,4.8
EMP-51586,Cloud Architect,Entry-Level,1.9,Fully Remote,Canada,Medium (50-250),AWS / Cloud,131417,0,131417,3.4,3.7
EMP-51587,Data Scientist,Senior,6.2,In-Office,United States,Small (<50),R & Statistics,151444,59883,211327,3.8,3.7
EMP-51588,Data Scientist,Senior,7.0,Fully Remote,United States,Large (250+),Python & SQL,189171,0,189171,4.4,4.8
EMP-51589,Cloud Architect,Entry-Level,2.6,Hybrid,United Kingdom,Medium (50-250),Kubernetes / Go,119354,16705,136059,3.7,4.2
EMP-51590,Cloud Architect,Senior,8.3,Hybrid,Singapore,Medium (50-250),Kubernetes / Go,187910,0,187910,2.4,3.6
EMP-51591,BI Analyst,Mid-Level,3.9,Fully Remote,United States,Large (250+),R & Statistics,147518,0,147518,4.8,3.6
EMP-51592,ML Engineer,Mid-Level,4.2,Hybrid,United States,Medium (50-250),PyTorch / TensorFlow,158491,0,158491,3.0,3.2
EMP-51593,ML Engineer,Lead / Principal,15.1,Hybrid,Singapore,Medium (50-250),Python & SQL,227626,95251,322877,2.8,3.3
EMP-51594,Cloud Architect,Mid-Level,5.2,Hybrid,Germany,Large (250+),Kubernetes / Go,142175,31477,173652,4.5,3.7
EMP-51595,Data Engineer,Mid-Level,3.8,In-Office,Canada,Large (250+),R & Statistics,166366,0,166366,3.0,3.0
EMP-51596,ML Engineer,Entry-Level,1.2,Fully Remote,United Kingdom,Medium (50-250),PyTorch / TensorFlow,136440,0,136440,3.2,3.5
EMP-51597,AI Research Scientist,Entry-Level,1.5,Fully Remote,France,Small (<50),PyTorch / TensorFlow,88292,0,88292,3.7,4.2
EMP-51598,AI Research Scientist,Mid-Level,5.8,In-Office,Germany,Small (<50),PyTorch / TensorFlow,136530,0,136530,2.5,3.1
EMP-51599,DevOps Engineer,Entry-Level,2.2,Fully Remote,Australia,Medium (50-250),AWS / Cloud,135801,32436,168237,3.0,4.5
EMP-51600,ML Engineer,Senior,8.7,Hybrid,Germany,Medium (50-250),Python & SQL,147976,54779,202755,2.7,4.0
EMP-51601,Data Scientist,Mid-Level,4.8,Hybrid,Canada,Large (250+),Python & SQL,163561,58423,221984,3.7,4.1
EMP-51602,ML Engineer,Senior,7.8,Fully Remote,United States,Large (250+),Python & SQL,229564,0,229564,4.0,3.6
EMP-51603,Data Scientist,Entry-Level,2.6,Hybrid,United States,Large (250+),Python & SQL,168109,21881,189990,4.0,3.8
EMP-51604,AI Research Scientist,Mid-Level,4.6,Fully Remote,Canada,Medium (50-250),Python & SQL,184786,41371,226157,2.8,3.9
EMP-51605,Data Engineer,Senior,6.6,Fully Remote,United States,Large (250+),R & Statistics,224930,52385,277315,4.2,2.7
EMP-51606,AI Research Scientist,Lead / Principal,10.8,Fully Remote,United Kingdom,Medium (50-250),PyTorch / TensorFlow,184770,58773,243543,4.0,2.4
EMP-51607,Software Engineer,Entry-Level,2.1,Hybrid,United States,Small (<50),R & Statistics,122902,0,122902,3.5,4.2
EMP-51608,ML Engineer,Lead / Principal,15.6,Fully Remote,India,Small (<50),PyTorch / TensorFlow,91220,0,91220,3.3,3.8
EMP-51609,Data Engineer,Senior,7.5,Hybrid,United States,Medium (50-250),PyTorch / TensorFlow,190365,36204,226569,4.0,4.2
EMP-51610,DevOps Engineer,Senior,10.3,In-Office,India,Large (250+),Kubernetes / Go,80383,14707,95090,2.2,2.9
EMP-51611,Cloud Architect,Mid-Level,5.3,Hybrid,United Kingdom,Medium (50-250),AWS / Cloud,148878,57449,206327,4.2,2.9
EMP-51612,Data Engineer,Entry-Level,1.5,Hybrid,United States,Small (<50),PyTorch / TensorFlow,118927,0,118927,4.9,3.5
EMP-51613,Data Scientist,Entry-Level,1.1,Hybrid,United Kingdom,Large (250+),Python & SQL,113095,18541,131636,2.7,3.4
EMP-51614,Data Scientist,Senior,6.5,Fully Remote,United States,Small (<50),R & Statistics,166181,37612,203793,4.2,3.3
EMP-51615,Cloud Architect,Mid-Level,5.2,Hybrid,United States,Large (250+),Kubernetes / Go,211752,0,211752,3.0,3.2
EMP-51616,BI Analyst,Lead / Principal,11.2,Hybrid,United States,Medium (50-250),R & Statistics,155315,20056,175371,2.8,3.7
EMP-51617,Cloud Architect,Mid-Level,4.1,In-Office,United States,Small (<50),Kubernetes / Go,153049,0,153049,3.2,4.3
EMP-51618,Data Engineer,Entry-Level,2.0,In-Office,France,Large (250+),AWS / Cloud,113858,0,113858,3.8,3.4
EMP-51619,Software Engineer,Senior,9.6,In-Office,United States,Small (<50),AWS / Cloud,188497,35968,224465,2.6,4.1
EMP-51620,Data Scientist,Mid-Level,3.3,In-Office,Germany,Medium (50-250),R & Statistics,107097,0,107097,2.6,4.3
EMP-51621,AI Research Scientist,Mid-Level,4.2,Hybrid,United States,Medium (50-250),PyTorch / TensorFlow,212145,0,212145,3.4,3.1
EMP-51622,Data Engineer,Senior,8.4,Hybrid,Germany,Small (<50),PyTorch / TensorFlow,117523,39167,156690,2.8,4.3
EMP-51623,Product Manager,Lead / Principal,13.2,In-Office,United States,Small (<50),Kubernetes / Go,210717,0,210717,3.0,4.5
EMP-51624,ML Engineer,Senior,10.1,Fully Remote,Germany,Small (<50),Python & SQL,160389,58032,218421,3.6,3.3
EMP-51625,Cloud Architect,Senior,6.9,In-Office,Canada,Small (<50),Kubernetes / Go,164416,0,164416,4.5,4.1
EMP-51626,ML Engineer,Senior,10.0,Fully Remote,Germany,Large (250+),PyTorch / TensorFlow,187357,0,187357,3.5,2.6
EMP-51627,Data Engineer,Lead / Principal,14.2,Hybrid,United States,Medium (50-250),Kubernetes / Go,213531,63380,276911,3.1,4.0
EMP-51628,AI Research Scientist,Mid-Level,4.7,Hybrid,Germany,Medium (50-250),PyTorch / TensorFlow,146936,0,146936,2.0,4.7
EMP-51629,Data Scientist,Entry-Level,2.4,In-Office,United States,Medium (50-250),R & Statistics,136945,59287,196232,4.8,3.8
EMP-51630,Software Engineer,Mid-Level,4.2,Fully Remote,United States,Large (250+),Python & SQL,180308,0,180308,3.6,3.9
EMP-51631,Data Scientist,Mid-Level,3.4,Hybrid,United States,Large (250+),Python & SQL,145669,30500,176169,3.0,3.1
EMP-51632,Cloud Architect,Senior,9.3,Hybrid,United States,Large (250+),AWS / Cloud,229736,83171,312907,3.7,2.9
EMP-51633,Software Engineer,Senior,8.6,Fully Remote,United Kingdom,Large (250+),PyTorch / TensorFlow,169861,56595,226456,4.7,2.7
EMP-51634,Product Manager,Senior,9.2,Hybrid,Germany,Medium (50-250),PyTorch / TensorFlow,140840,35878,176718,3.2,3.6
EMP-51635,ML Engineer,Entry-Level,1.7,Hybrid,United States,Medium (50-250),PyTorch / TensorFlow,178894,0,178894,2.7,3.5
EMP-51636,Data Scientist,Senior,10.5,Hybrid,United States,Medium (50-250),Python & SQL,192204,0,192204,2.4,4.1
EMP-51637,ML Engineer,Mid-Level,4.8,Fully Remote,United States,Medium (50-250),Python & SQL,141608,0,141608,3.0,3.4
EMP-51638,BI Analyst,Senior,6.4,Hybrid,Germany,Medium (50-250),R & Statistics,104125,46599,150724,3.4,1.6
EMP-51639,Product Manager,Senior,8.2,Hybrid,United Kingdom,Medium (50-250),Python & SQL,121088,16810,137898,3.4,3.1
EMP-51640,Data Engineer,Mid-Level,5.3,Fully Remote,United States,Large (250+),R & Statistics,205048,58218,263266,4.3,4.1
EMP-51641,Software Engineer,Entry-Level,2.6,Fully Remote,Germany,Large (250+),Kubernetes / Go,111771,45955,157726,3.5,4.2
EMP-51642,Data Engineer,Entry-Level,2.0,In-Office,United Kingdom,Medium (50-250),PyTorch / TensorFlow,105301,0,105301,3.8,2.2
EMP-51643,Data Engineer,Senior,10.5,Hybrid,United Kingdom,Large (250+),R & Statistics,156696,40473,197169,3.2,4.3
EMP-51644,AI Research Scientist,Lead / Principal,11.6,Hybrid,United Kingdom,Medium (50-250),Python & SQL,201057,39498,240555,2.7,4.5
EMP-51645,Software Engineer,Senior,8.1,Fully Remote,Germany,Small (<50),Kubernetes / Go,141215,61664,202879,4.1,3.4
EMP-51646,ML Engineer,Entry-Level,2.8,Fully Remote,Germany,Medium (50-250),Python & SQL,152398,64349,216747,3.1,3.5
EMP-51647,Software Engineer,Mid-Level,5.7,Fully Remote,United States,Medium (50-250),PyTorch / TensorFlow,166559,0,166559,3.9,4.0
EMP-51648,Software Engineer,Senior,9.4,Fully Remote,United States,Small (<50),PyTorch / TensorFlow,191516,35350,226866,3.5,4.5
EMP-51649,Cloud Architect,Senior,10.3,Hybrid,United States,Large (250+),AWS / Cloud,257868,105703,363571,4.4,3.3
EMP-51650,AI Research Scientist,Entry-Level,1.2,Hybrid,Germany,Medium (50-250),PyTorch / TensorFlow,142515,23417,165932,3.6,3.5
EMP-51651,Data Scientist,Entry-Level,2.7,Hybrid,India,Medium (50-250),Python & SQL,62861,0,62861,2.4,3.2
EMP-51652,ML Engineer,Senior,7.6,Fully Remote,United States,Small (<50),PyTorch / TensorFlow,173797,0,173797,3.7,3.5
EMP-51653,Data Scientist,Mid-Level,3.5,Hybrid,United States,Small (<50),Python & SQL,154713,31948,186661,1.7,3.8
EMP-51654,AI Research Scientist,Mid-Level,3.7,Fully Remote,Canada,Large (250+),PyTorch / TensorFlow,173685,0,173685,5.0,4.2
EMP-51655,Product Manager,Entry-Level,1.8,Fully Remote,India,Medium (50-250),Java & Spring,57170,0,57170,4.0,3.5
EMP-51656,Data Engineer,Senior,7.3,In-Office,Australia,Large (250+),Python & SQL,177337,77148,254485,3.9,4.8
EMP-51657,Data Scientist,Lead / Principal,11.9,Hybrid,United Kingdom,Large (250+),Python & SQL,187825,40180,228005,3.1,3.4
EMP-51658,Data Scientist,Lead / Principal,10.8,Hybrid,India,Medium (50-250),Python & SQL,87048,0,87048,2.8,3.6
EMP-51659,Data Scientist,Senior,7.5,Fully Remote,United States,Medium (50-250),R & Statistics,187071,60817,247888,3.6,3.2
EMP-51660,Data Engineer,Mid-Level,4.7,In-Office,United States,Large (250+),R & Statistics,185866,0,185866,2.7,3.6
EMP-51661,Data Engineer,Entry-Level,1.9,Hybrid,United States,Large (250+),Kubernetes / Go,169429,0,169429,2.5,3.6
EMP-51662,Product Manager,Senior,7.7,Hybrid,Canada,Medium (50-250),Kubernetes / Go,146945,21176,168121,3.8,3.5
EMP-51663,Data Engineer,Mid-Level,5.2,Fully Remote,United States,Large (250+),Python & SQL,188956,0,188956,4.8,4.0
EMP-51664,BI Analyst,Senior,10.5,In-Office,United Kingdom,Large (250+),Python & SQL,112364,30053,142417,3.9,3.5
EMP-51665,DevOps Engineer,Mid-Level,5.3,In-Office,United Kingdom,Medium (50-250),AWS / Cloud,101020,14566,115586,3.8,4.0
EMP-51666,ML Engineer,Mid-Level,4.0,In-Office,United States,Medium (50-250),PyTorch / TensorFlow,168620,28249,196869,5.0,3.6
EMP-51667,Product Manager,Entry-Level,2.5,Fully Remote,India,Large (250+),AWS / Cloud,89712,0,89712,3.2,3.6
EMP-51668,ML Engineer,Mid-Level,3.5,Fully Remote,United States,Medium (50-250),PyTorch / TensorFlow,164802,0,164802,4.4,2.4
EMP-51669,Software Engineer,Entry-Level,1.3,Fully Remote,United States,Small (<50),R & Statistics,127917,35748,163665,3.7,3.5
EMP-51670,Data Scientist,Entry-Level,1.7,Fully Remote,Canada,Medium (50-250),R & Statistics,147043,0,147043,3.2,3.7
EMP-51671,DevOps Engineer,Executive,20.5,In-Office,United States,Small (<50),AWS / Cloud,242416,90840,333256,3.5,4.2
EMP-51672,DevOps Engineer,Mid-Level,3.7,Fully Remote,Germany,Medium (50-250),AWS / Cloud,104694,22327,127021,3.8,3.3
EMP-51673,Software Engineer,Senior,6.3,Fully Remote,India,Large (250+),Java & Spring,91754,0,91754,3.1,4.3
EMP-51674,Software Engineer,Lead / Principal,10.8,Fully Remote,Singapore,Small (<50),R & Statistics,108273,42407,150680,4.1,3.6
EMP-51675,Data Scientist,Executive,20.9,Fully Remote,India,Small (<50),Python & SQL,126428,48721,175149,3.9,3.6
EMP-51676,AI Research Scientist,Senior,9.2,Fully Remote,United States,Medium (50-250),PyTorch / TensorFlow,249347,38607,287954,4.1,3.2
EMP-51677,Data Scientist,Senior,7.3,Hybrid,United Kingdom,Medium (50-250),Python & SQL,116121,22714,138835,4.0,3.5
EMP-51678,ML Engineer,Mid-Level,4.7,Hybrid,United States,Medium (50-250),PyTorch / TensorFlow,197296,0,197296,3.3,4.1
EMP-51679,Cloud Architect,Mid-Level,4.6,Fully Remote,United States,Small (<50),Kubernetes / Go,158129,0,158129,4.4,4.3
EMP-51680,Data Scientist,Mid-Level,5.0,Hybrid,United States,Small (<50),Python & SQL,123279,0,123279,3.8,3.5
EMP-51681,BI Analyst,Senior,7.2,Fully Remote,United States,Medium (50-250),Python & SQL,121326,27012,148338,3.6,3.5
EMP-51682,Cloud Architect,Senior,10.3,Fully Remote,India,Medium (50-250),AWS / Cloud,105358,25883,131241,3.6,3.3
EMP-51683,Software Engineer,Mid-Level,3.9,Hybrid,United States,Medium (50-250),AWS / Cloud,150700,0,150700,3.4,3.1
EMP-51684,ML Engineer,Entry-Level,2.4,Hybrid,United Kingdom,Large (250+),PyTorch / TensorFlow,153621,0,153621,2.5,3.5
EMP-51685,DevOps Engineer,Senior,6.1,Hybrid,United States,Medium (50-250),AWS / Cloud,185771,81155,266926,3.9,2.7
EMP-51686,Product Manager,Entry-Level,1.7,Hybrid,United States,Small (<50),Python & SQL,142239,49527,191766,3.7,4.4
EMP-51687,Data Engineer,Senior,7.8,Fully Remote,Singapore,Large (250+),Kubernetes / Go,196005,74407,270412,2.9,3.1
EMP-51688,Data Engineer,Senior,8.7,In-Office,United States,Medium (50-250),Java & Spring,196404,85455,281859,3.4,4.0
EMP-51689,Software Engineer,Senior,6.4,Hybrid,Germany,Medium (50-250),Java & Spring,122246,27645,149891,3.0,4.4
EMP-51690,ML Engineer,Senior,10.0,In-Office,United States,Medium (50-250),PyTorch / TensorFlow,209368,86698,296066,2.5,4.3
EMP-51691,Data Engineer,Lead / Principal,11.3,Fully Remote,United States,Medium (50-250),Python & SQL,221838,86533,308371,5.0,3.6
EMP-51692,Data Scientist,Mid-Level,5.0,In-Office,United Kingdom,Large (250+),Python & SQL,156422,0,156422,2.7,3.7
EMP-51693,ML Engineer,Senior,10.0,Hybrid,India,Large (250+),PyTorch / TensorFlow,82025,0,82025,3.7,3.6
EMP-51694,Data Scientist,Senior,8.8,In-Office,United States,Medium (50-250),Python & SQL,200685,63601,264286,3.0,3.0
EMP-51695,AI Research Scientist,Mid-Level,5.2,Fully Remote,United States,Medium (50-250),PyTorch / TensorFlow,232576,75095,307671,3.4,2.9
EMP-51696,AI Research Scientist,Entry-Level,2.3,Hybrid,United States,Medium (50-250),PyTorch / TensorFlow,182821,0,182821,3.8,3.5
EMP-51697,ML Engineer,Mid-Level,4.1,In-Office,Canada,Large (250+),PyTorch / TensorFlow,191512,0,191512,4.1,2.9
EMP-51698,BI Analyst,Mid-Level,5.4,Hybrid,Canada,Large (250+),Python & SQL,121099,0,121099,3.3,3.6
EMP-51699,Data Engineer,Senior,7.5,Hybrid,United Kingdom,Small (<50),Python & SQL,130484,27154,157638,3.8,3.2
EMP-51700,BI Analyst,Senior,8.9,In-Office,United Kingdom,Small (<50),R & Statistics,83076,27967,111043,2.6,3.5
EMP-51701,Data Scientist,Mid-Level,5.2,Hybrid,Australia,Medium (50-250),Python & SQL,129024,47157,176181,2.6,4.5
EMP-51702,Data Scientist,Entry-Level,1.8,Hybrid,Canada,Small (<50),Python & SQL,110937,0,110937,4.1,4.7
EMP-51703,Data Engineer,Lead / Principal,11.8,Hybrid,India,Medium (50-250),PyTorch / TensorFlow,92165,9964,102129,2.7,3.2
EMP-51704,Data Scientist,Entry-Level,1.9,In-Office,India,Small (<50),Python & SQL,70995,0,70995,3.1,1.8
EMP-51705,ML Engineer,Mid-Level,5.5,Fully Remote,Germany,Medium (50-250),PyTorch / TensorFlow,126483,53251,179734,4.6,3.5
EMP-51706,Cloud Architect,Senior,10.6,Hybrid,United States,Large (250+),Kubernetes / Go,227304,0,227304,2.9,5.0
EMP-51707,ML Engineer,Senior,8.7,Hybrid,India,Large (250+),Python & SQL,120544,53442,173986,3.5,4.0
EMP-51708,Data Engineer,Entry-Level,2.3,Hybrid,Australia,Medium (50-250),AWS / Cloud,121224,0,121224,3.3,3.0
EMP-51709,Cloud Architect,Entry-Level,2.8,Hybrid,United States,Medium (50-250),Kubernetes / Go,157823,38905,196728,3.5,2.5
EMP-51710,ML Engineer,Entry-Level,1.2,In-Office,United States,Large (250+),PyTorch / TensorFlow,179013,0,179013,3.9,3.4
EMP-51711,AI Research Scientist,Senior,7.2,In-Office,Singapore,Small (<50),PyTorch / TensorFlow,155683,61763,217446,2.7,3.9
EMP-51712,Software Engineer,Senior,9.5,Fully Remote,United States,Medium (50-250),AWS / Cloud,201931,35224,237155,4.2,3.4
EMP-51713,Data Scientist,Mid-Level,5.5,Fully Remote,India,Medium (50-250),R & Statistics,87490,0,87490,3.8,3.6
EMP-51714,AI Research Scientist,Senior,10.3,Fully Remote,United States,Small (<50),PyTorch / TensorFlow,231302,63736,295038,2.6,4.0
EMP-51715,BI Analyst,Senior,8.1,Fully Remote,United States,Medium (50-250),Python & SQL,146421,57502,203923,3.0,3.4
EMP-51716,AI Research Scientist,Entry-Level,1.2,Hybrid,United States,Small (<50),PyTorch / TensorFlow,161273,70667,231940,4.1,3.6
EMP-51717,Cloud Architect,Mid-Level,4.3,In-Office,United States,Medium (50-250),Kubernetes / Go,186197,0,186197,3.1,4.3
EMP-51718,BI Analyst,Senior,7.2,In-Office,United States,Medium (50-250),Python & SQL,139119,59183,198302,3.9,3.6
EMP-51719,ML Engineer,Mid-Level,3.9,Fully Remote,United Kingdom,Medium (50-250),PyTorch / TensorFlow,130797,0,130797,2.7,4.0
EMP-51720,ML Engineer,Mid-Level,5.3,Fully Remote,Germany,Small (<50),PyTorch / TensorFlow,142177,45596,187773,4.0,3.8
EMP-51721,ML Engineer,Senior,6.4,Hybrid,France,Large (250+),PyTorch / TensorFlow,144254,50958,195212,2.5,2.5
EMP-51722,Data Scientist,Lead / Principal,15.0,Hybrid,United States,Medium (50-250),Python & SQL,237992,0,237992,3.4,3.2
EMP-51723,ML Engineer,Senior,8.1,Fully Remote,United Kingdom,Medium (50-250),PyTorch / TensorFlow,163719,55318,219037,4.0,4.3
EMP-51724,Cloud Architect,Senior,9.0,In-Office,United Kingdom,Medium (50-250),Kubernetes / Go,157121,66300,223421,3.4,4.1
EMP-51725,AI Research Scientist,Senior,6.4,In-Office,United Kingdom,Medium (50-250),PyTorch / TensorFlow,174832,45542,220374,3.1,3.5
EMP-51726,Data Engineer,Mid-Level,4.0,Fully Remote,United Kingdom,Small (<50),R & Statistics,110159,0,110159,5.0,4.1
EMP-51727,BI Analyst,Senior,6.4,In-Office,United States,Large (250+),R & Statistics,139723,17938,157661,4.4,3.2
EMP-51728,Software Engineer,Mid-Level,5.9,Fully Remote,United States,Small (<50),Java & Spring,176912,19788,196700,4.2,3.6
EMP-51729,Data Engineer,Mid-Level,5.4,Hybrid,United States,Small (<50),PyTorch / TensorFlow,161497,0,161497,3.3,2.7
EMP-51730,Data Scientist,Senior,8.3,Hybrid,United States,Large (250+),Python & SQL,205652,65754,271406,3.9,3.5
EMP-51731,Data Engineer,Senior,7.1,Fully Remote,Germany,Small (<50),AWS / Cloud,107813,44389,152202,3.4,4.6
EMP-51732,Data Engineer,Mid-Level,5.8,In-Office,United States,Medium (50-250),Java & Spring,184909,0,184909,3.7,3.0
EMP-51733,Data Scientist,Lead / Principal,12.1,Hybrid,Australia,Medium (50-250),Python & SQL,158028,23282,181310,2.6,4.7
EMP-51734,ML Engineer,Entry-Level,1.3,Hybrid,Australia,Medium (50-250),PyTorch / TensorFlow,147244,0,147244,4.8,3.4
EMP-51735,DevOps Engineer,Mid-Level,4.7,Fully Remote,France,Large (250+),AWS / Cloud,121028,36358,157386,3.2,3.2
EMP-51736,Data Scientist,Entry-Level,2.9,Fully Remote,Singapore,Medium (50-250),Python & SQL,123475,0,123475,3.4,5.0
EMP-51737,ML Engineer,Senior,6.0,Fully Remote,United States,Medium (50-250),Python & SQL,197596,85453,283049,4.2,2.8
EMP-51738,Data Scientist,Senior,7.2,Hybrid,United Kingdom,Large (250+),Python & SQL,153764,0,153764,3.9,4.0
EMP-51739,Data Scientist,Mid-Level,5.8,Hybrid,United States,Medium (50-250),Python & SQL,171534,61554,233088,3.6,3.8
EMP-51740,Software Engineer,Senior,6.9,Fully Remote,India,Medium (50-250),Java & Spring,72659,29950,102609,3.8,3.2
EMP-51741,Software Engineer,Mid-Level,3.3,Hybrid,Australia,Medium (50-250),PyTorch / TensorFlow,126222,0,126222,3.3,3.0
EMP-51742,Software Engineer,Senior,8.9,Hybrid,India,Medium (50-250),R & Statistics,64172,20920,85092,3.4,3.8
EMP-51743,AI Research Scientist,Mid-Level,5.6,Hybrid,United States,Large (250+),PyTorch / TensorFlow,261971,0,261971,2.8,3.0
EMP-51744,Data Scientist,Mid-Level,4.4,Hybrid,Canada,Large (250+),Python & SQL,146779,42637,189416,4.1,4.7
EMP-51745,Data Engineer,Lead / Principal,16.0,In-Office,United States,Small (<50),AWS / Cloud,229823,97521,327344,3.1,4.3
EMP-51746,AI Research Scientist,Mid-Level,5.0,Hybrid,United States,Small (<50),PyTorch / TensorFlow,205312,0,205312,3.7,3.5
EMP-51747,ML Engineer,Entry-Level,1.1,Hybrid,Canada,Small (<50),Python & SQL,116108,0,116108,3.8,3.8
EMP-51748,Software Engineer,Senior,11.0,Fully Remote,United States,Medium (50-250),PyTorch / TensorFlow,211060,45710,256770,4.8,3.4
EMP-51749,ML Engineer,Lead / Principal,12.4,Fully Remote,France,Small (<50),PyTorch / TensorFlow,150544,49102,199646,3.6,3.8
EMP-51750,Data Engineer,Mid-Level,3.9,Fully Remote,United States,Medium (50-250),Python & SQL,151853,0,151853,3.5,3.8
EMP-51751,ML Engineer,Entry-Level,2.1,Hybrid,India,Large (250+),PyTorch / TensorFlow,80727,15705,96432,2.1,4.7
EMP-51752,AI Research Scientist,Mid-Level,3.9,Fully Remote,United Kingdom,Large (250+),PyTorch / TensorFlow,157451,0,157451,3.8,3.5
EMP-51753,ML Engineer,Mid-Level,3.3,Fully Remote,India,Small (<50),Python & SQL,49639,0,49639,4.1,3.5
EMP-51754,BI Analyst,Entry-Level,1.0,Hybrid,India,Medium (50-250),Python & SQL,42123,17838,59961,2.8,4.6
EMP-51755,Software Engineer,Senior,8.2,Fully Remote,Australia,Medium (50-250),Python & SQL,162148,39999,202147,4.2,3.1
EMP-51756,Product Manager,Executive,20.7,Fully Remote,United States,Large (250+),AWS / Cloud,315506,52758,368264,3.5,3.6
EMP-51757,Data Engineer,Mid-Level,4.7,Fully Remote,Singapore,Large (250+),PyTorch / TensorFlow,144628,0,144628,3.2,4.3
EMP-51758,ML Engineer,Mid-Level,6.0,Hybrid,United States,Large (250+),PyTorch / TensorFlow,200793,0,200793,3.6,4.5
EMP-51759,Data Engineer,Mid-Level,3.9,Fully Remote,United States,Medium (50-250),PyTorch / TensorFlow,176797,0,176797,2.6,3.3
EMP-51760,Data Scientist,Entry-Level,1.6,Hybrid,United States,Medium (50-250),Python & SQL,144674,0,144674,2.5,3.2
EMP-51761,Software Engineer,Lead / Principal,11.0,Hybrid,India,Small (<50),AWS / Cloud,81914,24398,106312,3.7,3.1
EMP-51762,AI Research Scientist,Mid-Level,3.5,Hybrid,United Kingdom,Medium (50-250),Python & SQL,149225,15629,164854,4.3,3.0
EMP-51763,Data Engineer,Mid-Level,3.9,Hybrid,India,Medium (50-250),Python & SQL,53407,14663,68070,4.2,4.1
EMP-51764,ML Engineer,Senior,10.0,Hybrid,Canada,Medium (50-250),PyTorch / TensorFlow,190668,63215,253883,2.4,2.9
EMP-51765,Data Scientist,Mid-Level,5.7,Fully Remote,United States,Medium (50-250),R & Statistics,161050,0,161050,4.9,4.0
EMP-51766,Software Engineer,Senior,10.9,Fully Remote,Singapore,Medium (50-250),PyTorch / TensorFlow,156918,44105,201023,3.8,3.4
EMP-51767,Data Scientist,Entry-Level,1.5,Fully Remote,United States,Small (<50),Python & SQL,143292,0,143292,3.5,3.9
EMP-51768,Data Scientist,Senior,10.4,Fully Remote,Australia,Small (<50),Python & SQL,170240,17384,187624,3.6,3.8
EMP-51769,Data Scientist,Lead / Principal,12.0,Fully Remote,United States,Small (<50),Python & SQL,190776,0,190776,3.4,2.9
EMP-51770,Data Scientist,Senior,6.6,Fully Remote,United Kingdom,Small (<50),Python & SQL,99569,40184,139753,4.7,4.1
EMP-51771,Software Engineer,Lead / Principal,15.2,Hybrid,United States,Small (<50),Python & SQL,228760,44649,273409,3.6,3.3
EMP-51772,DevOps Engineer,Entry-Level,2.3,Hybrid,United States,Medium (50-250),AWS / Cloud,159182,0,159182,4.2,2.9
EMP-51773,Product Manager,Mid-Level,3.5,Fully Remote,United States,Medium (50-250),Java & Spring,163066,0,163066,3.4,2.1
EMP-51774,Software Engineer,Senior,8.1,Hybrid,United States,Large (250+),R & Statistics,181108,0,181108,2.9,2.7
EMP-51775,Data Scientist,Senior,7.4,Fully Remote,United States,Medium (50-250),Python & SQL,191019,70862,261881,4.6,4.4
EMP-51776,Cloud Architect,Mid-Level,5.2,Fully Remote,United States,Small (<50),AWS / Cloud,197846,0,197846,4.7,3.5
EMP-51777,Data Scientist,Mid-Level,4.4,Hybrid,United Kingdom,Medium (50-250),Python & SQL,148629,59600,208229,2.9,3.5
EMP-51778,ML Engineer,Entry-Level,3.0,Fully Remote,Canada,Large (250+),Python & SQL,154255,0,154255,4.0,4.2
EMP-51779,Software Engineer,Mid-Level,3.2,Fully Remote,United Kingdom,Medium (50-250),R & Statistics,113554,0,113554,4.9,4.1
EMP-51780,AI Research Scientist,Entry-Level,1.7,Fully Remote,Australia,Medium (50-250),PyTorch / TensorFlow,178836,62135,240971,3.5,4.1
EMP-51781,DevOps Engineer,Senior,8.4,In-Office,Germany,Medium (50-250),Kubernetes / Go,139696,24504,164200,3.5,3.7
EMP-51782,Data Scientist,Mid-Level,4.5,Hybrid,Germany,Large (250+),Python & SQL,148085,35377,183462,2.9,3.3
EMP-51783,Cloud Architect,Entry-Level,1.6,Fully Remote,Germany,Large (250+),Kubernetes / Go,128979,13304,142283,4.8,3.6
EMP-51784,Cloud Architect,Senior,9.6,In-Office,United States,Medium (50-250),Kubernetes / Go,231597,30782,262379,3.6,4.4
EMP-51785,DevOps Engineer,Senior,10.4,Hybrid,Germany,Large (250+),AWS / Cloud,173965,61935,235900,3.7,4.3
EMP-51786,Cloud Architect,Lead / Principal,15.6,Hybrid,United States,Large (250+),Kubernetes / Go,285110,83722,368832,2.6,3.9
EMP-51787,Data Engineer,Senior,10.0,In-Office,India,Medium (50-250),R & Statistics,79989,27670,107659,4.2,2.5
EMP-51788,AI Research Scientist,Mid-Level,5.6,Fully Remote,Canada,Medium (50-250),PyTorch / TensorFlow,192569,62335,254904,3.6,4.9
EMP-51789,Data Engineer,Senior,8.8,Fully Remote,United States,Medium (50-250),AWS / Cloud,205830,71301,277131,4.3,4.0
EMP-51790,ML Engineer,Senior,10.1,Hybrid,Canada,Large (250+),PyTorch / TensorFlow,214087,45961,260048,2.8,3.3
EMP-51791,Software Engineer,Entry-Level,1.6,Hybrid,United States,Small (<50),R & Statistics,110260,48236,158496,3.1,3.7
EMP-51792,Data Engineer,Senior,8.0,Hybrid,United States,Large (250+),AWS / Cloud,213222,45672,258894,3.0,5.0
EMP-51793,Cloud Architect,Lead / Principal,11.9,Hybrid,United States,Small (<50),AWS / Cloud,222276,0,222276,4.0,2.7
EMP-51794,AI Research Scientist,Mid-Level,4.4,In-Office,Canada,Medium (50-250),Python & SQL,175531,0,175531,3.2,2.1
EMP-51795,AI Research Scientist,Mid-Level,3.9,In-Office,Canada,Large (250+),PyTorch / TensorFlow,188180,0,188180,2.8,3.0
EMP-51796,Cloud Architect,Entry-Level,2.9,In-Office,India,Medium (50-250),AWS / Cloud,63037,15712,78749,2.7,4.6
EMP-51797,AI Research Scientist,Entry-Level,1.6,Hybrid,United States,Medium (50-250),PyTorch / TensorFlow,182707,79315,262022,3.0,4.1
EMP-51798,AI Research Scientist,Mid-Level,3.3,In-Office,United Kingdom,Small (<50),PyTorch / TensorFlow,121745,0,121745,3.7,3.8
EMP-51799,AI Research Scientist,Senior,8.6,Fully Remote,Germany,Medium (50-250),PyTorch / TensorFlow,189434,31777,221211,3.9,2.6
EMP-51800,Product Manager,Entry-Level,1.1,Fully Remote,United States,Small (<50),Kubernetes / Go,113666,0,113666,4.6,4.2
EMP-51801,Software Engineer,Lead / Principal,10.7,Hybrid,Germany,Medium (50-250),Kubernetes / Go,164304,35910,200214,4.8,3.8
EMP-51802,Data Scientist,Senior,7.1,In-Office,United States,Medium (50-250),R & Statistics,180692,46645,227337,2.6,4.0
EMP-51803,Data Scientist,Senior,8.3,Hybrid,United States,Large (250+),Python & SQL,198564,40035,238599,2.4,2.8
EMP-51804,Data Scientist,Senior,8.2,Hybrid,United Kingdom,Large (250+),Python & SQL,166196,35948,202144,2.4,3.3
EMP-51805,Software Engineer,Entry-Level,2.6,Fully Remote,Germany,Small (<50),Kubernetes / Go,107764,0,107764,3.4,3.9
EMP-51806,Cloud Architect,Mid-Level,5.2,Fully Remote,United States,Large (250+),AWS / Cloud,216407,94167,310574,2.8,4.9
EMP-51807,ML Engineer,Senior,8.1,Hybrid,United States,Small (<50),PyTorch / TensorFlow,189752,44354,234106,4.0,3.9
EMP-51808,ML Engineer,Senior,7.7,Fully Remote,United States,Small (<50),Python & SQL,184029,70983,255012,4.9,4.7
EMP-51809,AI Research Scientist,Senior,7.6,Fully Remote,United States,Small (<50),Python & SQL,205906,56787,262693,3.8,3.2
EMP-51810,Cloud Architect,Mid-Level,5.3,Fully Remote,United States,Large (250+),AWS / Cloud,203002,0,203002,3.0,2.7
EMP-51811,Software Engineer,Lead / Principal,10.3,Fully Remote,United States,Large (250+),AWS / Cloud,228002,34098,262100,3.1,4.4
EMP-51812,ML Engineer,Entry-Level,1.0,Hybrid,Germany,Small (<50),PyTorch / TensorFlow,92990,28568,121558,4.1,3.2
EMP-51813,AI Research Scientist,Lead / Principal,14.8,Fully Remote,United States,Small (<50),Python & SQL,251830,73219,325049,2.9,3.0
EMP-51814,AI Research Scientist,Executive,17.8,Hybrid,Canada,Medium (50-250),PyTorch / TensorFlow,302692,0,302692,4.9,4.5
EMP-51815,BI Analyst,Entry-Level,1.3,Fully Remote,Canada,Medium (50-250),Python & SQL,72809,0,72809,4.1,4.6
EMP-51816,Data Scientist,Senior,7.2,Hybrid,United States,Medium (50-250),R & Statistics,182557,52867,235424,4.1,2.9
EMP-51817,Software Engineer,Entry-Level,2.9,Fully Remote,United States,Medium (50-250),AWS / Cloud,163795,30853,194648,3.9,3.4
EMP-51818,Data Engineer,Mid-Level,5.6,Hybrid,India,Large (250+),PyTorch / TensorFlow,92951,0,92951,3.1,3.8
EMP-51819,Data Scientist,Mid-Level,5.1,Hybrid,United States,Medium (50-250),Python & SQL,177399,0,177399,4.1,3.5
EMP-51820,ML Engineer,Senior,8.4,Fully Remote,United States,Large (250+),PyTorch / TensorFlow,252125,57279,309404,3.5,3.0
EMP-51821,ML Engineer,Lead / Principal,13.1,In-Office,United States,Medium (50-250),Python & SQL,251970,104339,356309,3.4,3.2
EMP-51822,Data Engineer,Senior,10.9,Hybrid,Germany,Medium (50-250),Kubernetes / Go,130018,33849,163867,3.8,3.4
EMP-51823,Software Engineer,Mid-Level,5.9,Hybrid,United Kingdom,Large (250+),Java & Spring,132924,53541,186465,4.3,4.5
EMP-51824,Cloud Architect,Senior,7.1,Fully Remote,France,Large (250+),Kubernetes / Go,171128,43833,214961,4.6,3.4
EMP-51825,Data Engineer,Lead / Principal,14.9,In-Office,Australia,Medium (50-250),Python & SQL,217542,76261,293803,3.8,3.6
EMP-51826,AI Research Scientist,Entry-Level,1.4,Hybrid,United States,Medium (50-250),Python & SQL,190853,0,190853,3.2,4.2
EMP-51827,BI Analyst,Executive,15.7,Fully Remote,United States,Large (250+),Python & SQL,196569,59982,256551,4.4,2.7
EMP-51828,Software Engineer,Entry-Level,2.4,Fully Remote,United States,Small (<50),Python & SQL,167591,46127,213718,4.6,4.4
EMP-51829,Data Scientist,Senior,8.0,Hybrid,United States,Small (<50),Python & SQL,172034,22641,194675,2.8,2.9
EMP-51830,BI Analyst,Mid-Level,5.8,Hybrid,United States,Medium (50-250),Python & SQL,143431,19792,163223,3.3,3.6
EMP-51831,Data Engineer,Entry-Level,1.2,Hybrid,United States,Large (250+),Java & Spring,169746,54869,224615,3.1,5.0
EMP-51832,Data Engineer,Mid-Level,4.5,Hybrid,United States,Large (250+),R & Statistics,192309,0,192309,3.4,3.4
EMP-51833,Software Engineer,Senior,10.6,Hybrid,United States,Large (250+),Python & SQL,222660,96247,318907,3.1,5.0
EMP-51834,Software Engineer,Mid-Level,5.7,Fully Remote,United States,Medium (50-250),PyTorch / TensorFlow,174946,0,174946,3.7,2.5
EMP-51835,Cloud Architect,Entry-Level,1.3,Fully Remote,Singapore,Small (<50),AWS / Cloud,99898,40651,140549,5.0,4.3
EMP-51836,ML Engineer,Senior,7.8,Hybrid,United Kingdom,Medium (50-250),PyTorch / TensorFlow,154601,68785,223386,2.1,3.6
EMP-51837,Data Scientist,Lead / Principal,13.7,In-Office,France,Large (250+),R & Statistics,157756,37108,194864,3.4,3.6
EMP-51838,Product Manager,Mid-Level,3.5,Fully Remote,United States,Small (<50),Python & SQL,147224,49026,196250,3.0,2.9
EMP-51839,ML Engineer,Mid-Level,5.9,Hybrid,United States,Small (<50),Python & SQL,196592,0,196592,2.0,2.5
EMP-51840,Data Scientist,Mid-Level,5.7,Hybrid,United States,Small (<50),Python & SQL,155874,49225,205099,2.4,4.2
EMP-51841,Data Scientist,Entry-Level,1.3,Hybrid,United States,Medium (50-250),R & Statistics,162559,0,162559,3.8,3.6
EMP-51842,Data Scientist,Senior,6.6,In-Office,United States,Large (250+),R & Statistics,213328,0,213328,3.7,5.0
EMP-51843,Data Engineer,Senior,6.4,Hybrid,Singapore,Medium (50-250),AWS / Cloud,167104,0,167104,1.4,4.9
EMP-51844,Product Manager,Senior,10.5,Fully Remote,France,Large (250+),PyTorch / TensorFlow,163246,44386,207632,3.3,3.2
EMP-51845,ML Engineer,Mid-Level,3.6,In-Office,United States,Small (<50),PyTorch / TensorFlow,156412,0,156412,2.4,3.4
EMP-51846,ML Engineer,Senior,8.1,Hybrid,United States,Large (250+),PyTorch / TensorFlow,221003,74506,295509,3.6,3.6
EMP-51847,ML Engineer,Senior,8.2,In-Office,United States,Large (250+),PyTorch / TensorFlow,235042,33703,268745,3.8,3.6
EMP-51848,DevOps Engineer,Senior,9.0,Hybrid,United States,Medium (50-250),AWS / Cloud,205906,61382,267288,2.9,4.3
EMP-51849,Cloud Architect,Senior,6.4,In-Office,United States,Large (250+),AWS / Cloud,230184,100689,330873,4.1,3.8
EMP-51850,Data Scientist,Senior,7.1,Fully Remote,United States,Medium (50-250),Python & SQL,176168,65747,241915,3.9,3.9
EMP-51851,Software Engineer,Senior,10.7,Fully Remote,United States,Large (250+),R & Statistics,202515,39697,242212,3.5,3.0
EMP-51852,DevOps Engineer,Mid-Level,5.7,In-Office,United States,Large (250+),Kubernetes / Go,203723,67967,271690,3.9,3.1
EMP-51853,Software Engineer,Lead / Principal,14.7,Fully Remote,United States,Large (250+),R & Statistics,254730,73785,328515,3.1,4.0
EMP-51854,Product Manager,Senior,6.1,Fully Remote,United States,Medium (50-250),Kubernetes / Go,174592,43547,218139,4.3,3.0
EMP-51855,ML Engineer,Senior,7.6,Hybrid,United States,Small (<50),PyTorch / TensorFlow,193280,64085,257365,4.1,3.0
EMP-51856,Software Engineer,Mid-Level,4.9,In-Office,France,Medium (50-250),Java & Spring,103201,0,103201,3.5,3.0
EMP-51857,Data Scientist,Senior,7.4,Fully Remote,United States,Medium (50-250),Python & SQL,173498,28711,202209,4.2,4.0
EMP-51858,Software Engineer,Senior,10.5,In-Office,India,Large (250+),Java & Spring,109134,31935,141069,2.3,4.2
EMP-51859,Cloud Architect,Mid-Level,4.9,Hybrid,India,Large (250+),Kubernetes / Go,65539,0,65539,2.5,3.5
EMP-51860,Software Engineer,Entry-Level,1.1,Hybrid,Singapore,Large (250+),Kubernetes / Go,101480,0,101480,3.1,3.3
EMP-51861,Cloud Architect,Senior,10.5,In-Office,Canada,Small (<50),AWS / Cloud,169059,59621,228680,3.9,3.7
EMP-51862,ML Engineer,Senior,10.8,Fully Remote,Germany,Large (250+),PyTorch / TensorFlow,208586,32671,241257,4.2,4.2
EMP-51863,Data Engineer,Mid-Level,3.2,Fully Remote,India,Large (250+),AWS / Cloud,84372,13603,97975,3.6,4.1
EMP-51864,BI Analyst,Mid-Level,4.6,Fully Remote,United States,Large (250+),Python & SQL,134068,32980,167048,3.2,3.3
EMP-51865,Product Manager,Senior,7.5,Hybrid,United Kingdom,Small (<50),R & Statistics,113265,36846,150111,3.3,3.0
EMP-51866,AI Research Scientist,Entry-Level,1.8,Hybrid,France,Small (<50),PyTorch / TensorFlow,119827,0,119827,4.5,4.1
EMP-51867,ML Engineer,Mid-Level,3.5,Hybrid,Canada,Small (<50),PyTorch / TensorFlow,119588,0,119588,4.4,4.3
EMP-51868,ML Engineer,Entry-Level,2.2,Hybrid,Singapore,Medium (50-250),PyTorch / TensorFlow,130838,0,130838,3.6,1.9
EMP-51869,Cloud Architect,Mid-Level,5.9,Hybrid,Canada,Medium (50-250),AWS / Cloud,169425,34846,204271,3.0,3.6
EMP-51870,Software Engineer,Mid-Level,4.5,Hybrid,India,Large (250+),Java & Spring,72619,32599,105218,1.2,3.6
EMP-51871,ML Engineer,Mid-Level,3.2,Fully Remote,Germany,Medium (50-250),PyTorch / TensorFlow,142830,0,142830,4.8,4.4
EMP-51872,Data Engineer,Entry-Level,2.2,Fully Remote,Canada,Medium (50-250),Python & SQL,122177,0,122177,5.0,4.3
EMP-51873,Software Engineer,Mid-Level,4.0,In-Office,United Kingdom,Medium (50-250),AWS / Cloud,99410,23613,123023,4.0,3.7
EMP-51874,Software Engineer,Mid-Level,5.6,Fully Remote,Australia,Large (250+),AWS / Cloud,171890,0,171890,4.0,3.1
EMP-51875,Data Engineer,Mid-Level,4.3,Fully Remote,India,Large (250+),Java & Spring,80915,0,80915,2.9,3.8
EMP-51876,Data Engineer,Mid-Level,3.6,Hybrid,India,Large (250+),R & Statistics,78511,0,78511,3.6,3.6
EMP-51877,Data Engineer,Senior,7.0,Fully Remote,Germany,Medium (50-250),Java & Spring,134376,51174,185550,3.8,3.5
EMP-51878,Data Scientist,Entry-Level,2.5,In-Office,United States,Medium (50-250),Python & SQL,164272,0,164272,3.9,3.6
EMP-51879,Data Engineer,Mid-Level,3.8,Fully Remote,United States,Large (250+),Java & Spring,187890,27634,215524,4.5,4.1
EMP-51880,Cloud Architect,Entry-Level,2.5,Fully Remote,Singapore,Medium (50-250),Kubernetes / Go,121822,50618,172440,3.6,2.5
EMP-51881,DevOps Engineer,Entry-Level,1.4,Fully Remote,United Kingdom,Small (<50),Kubernetes / Go,95803,0,95803,4.1,3.4
EMP-51882,Cloud Architect,Senior,7.6,Hybrid,United States,Small (<50),AWS / Cloud,200420,64039,264459,3.4,3.8
EMP-51883,Software Engineer,Senior,8.3,Fully Remote,United States,Small (<50),Kubernetes / Go,144921,59609,204530,5.0,4.2
EMP-51884,ML Engineer,Lead / Principal,15.7,Hybrid,India,Large (250+),PyTorch / TensorFlow,139306,60971,200277,4.0,3.6
EMP-51885,Data Scientist,Senior,10.7,In-Office,India,Small (<50),R & Statistics,76299,10321,86620,3.1,3.7
EMP-51886,AI Research Scientist,Lead / Principal,11.2,In-Office,India,Medium (50-250),Python & SQL,118001,13060,131061,3.6,3.2
EMP-51887,ML Engineer,Entry-Level,1.7,Fully Remote,Germany,Medium (50-250),Python & SQL,145056,38865,183921,3.5,3.5
EMP-51888,Cloud Architect,Entry-Level,1.3,Hybrid,United States,Medium (50-250),AWS / Cloud,157992,0,157992,3.7,3.9
EMP-51889,BI Analyst,Entry-Level,2.0,Hybrid,United States,Medium (50-250),Python & SQL,113482,0,113482,2.9,3.1
EMP-51890,AI Research Scientist,Mid-Level,4.4,In-Office,United States,Medium (50-250),PyTorch / TensorFlow,237037,0,237037,3.1,4.7
EMP-51891,Data Scientist,Senior,10.5,In-Office,India,Small (<50),Python & SQL,69844,15148,84992,4.0,3.9
EMP-51892,Software Engineer,Senior,10.7,Fully Remote,United States,Small (<50),PyTorch / TensorFlow,181771,24948,206719,3.3,2.8
EMP-51893,ML Engineer,Entry-Level,1.8,Hybrid,Germany,Medium (50-250),PyTorch / TensorFlow,122482,53707,176189,3.4,2.7
EMP-51894,Data Engineer,Lead / Principal,13.0,Fully Remote,United Kingdom,Medium (50-250),Java & Spring,188601,21291,209892,4.4,3.5
EMP-51895,Software Engineer,Senior,10.5,Fully Remote,United Kingdom,Medium (50-250),PyTorch / TensorFlow,152174,0,152174,4.3,3.3
EMP-51896,Data Engineer,Mid-Level,5.4,Fully Remote,Australia,Small (<50),PyTorch / TensorFlow,129308,0,129308,4.6,3.7
EMP-51897,ML Engineer,Entry-Level,1.0,Hybrid,United States,Large (250+),PyTorch / TensorFlow,170924,25357,196281,3.9,4.2
EMP-51898,Data Scientist,Entry-Level,1.6,Hybrid,Canada,Medium (50-250),Python & SQL,124786,0,124786,2.1,3.4
EMP-51899,Software Engineer,Entry-Level,1.8,Fully Remote,United States,Small (<50),R & Statistics,131308,0,131308,3.0,3.8
EMP-51900,Data Engineer,Entry-Level,1.5,Hybrid,United States,Small (<50),AWS / Cloud,154964,0,154964,3.5,4.0
EMP-51901,AI Research Scientist,Mid-Level,3.6,Fully Remote,United States,Large (250+),PyTorch / TensorFlow,229093,0,229093,1.8,4.2
EMP-51902,Software Engineer,Mid-Level,3.1,Hybrid,United States,Medium (50-250),R & Statistics,163897,0,163897,2.9,3.7
EMP-51903,AI Research Scientist,Mid-Level,4.9,Fully Remote,Canada,Medium (50-250),PyTorch / TensorFlow,180812,0,180812,3.8,3.0
EMP-51904,Software Engineer,Executive,16.1,Fully Remote,United Kingdom,Large (250+),PyTorch / TensorFlow,203224,21564,224788,4.6,4.0
EMP-51905,ML Engineer,Senior,6.3,Fully Remote,United States,Large (250+),Python & SQL,228202,91476,319678,3.0,3.5
EMP-51906,Product Manager,Lead / Principal,11.4,Fully Remote,United States,Large (250+),AWS / Cloud,248140,66351,314491,3.3,3.1
EMP-51907,Data Scientist,Entry-Level,2.6,Hybrid,Germany,Medium (50-250),Python & SQL,124727,25039,149766,3.3,4.5
EMP-51908,Data Scientist,Mid-Level,5.6,Fully Remote,India,Medium (50-250),Python & SQL,70025,22593,92618,3.5,3.2
EMP-51909,ML Engineer,Senior,8.4,Hybrid,United States,Small (<50),Python & SQL,184805,50344,235149,4.0,4.5
EMP-51910,Data Scientist,Entry-Level,1.8,Fully Remote,United Kingdom,Large (250+),Python & SQL,115852,12644,128496,3.8,3.8
EMP-51911,DevOps Engineer,Entry-Level,3.0,Hybrid,Canada,Medium (50-250),AWS / Cloud,119795,15285,135080,4.1,4.2
EMP-51912,BI Analyst,Senior,7.0,Hybrid,Germany,Small (<50),Python & SQL,91272,30830,122102,3.0,4.1
EMP-51913,Data Scientist,Senior,7.1,Fully Remote,United States,Large (250+),Python & SQL,212934,60008,272942,2.9,3.5
EMP-51914,Data Scientist,Mid-Level,3.9,Hybrid,Germany,Large (250+),Python & SQL,133407,0,133407,2.6,3.8
EMP-51915,Cloud Architect,Mid-Level,3.5,Fully Remote,Germany,Large (250+),Kubernetes / Go,141162,36727,177889,3.1,3.6
EMP-51916,DevOps Engineer,Mid-Level,4.1,Hybrid,Canada,Large (250+),AWS / Cloud,131329,38425,169754,4.1,4.4
EMP-51917,Data Engineer,Entry-Level,2.8,Fully Remote,Germany,Large (250+),AWS / Cloud,122292,0,122292,4.0,2.8
EMP-51918,Data Scientist,Mid-Level,4.8,Hybrid,Singapore,Medium (50-250),Python & SQL,148885,37671,186556,2.9,3.3
EMP-51919,Data Scientist,Entry-Level,1.8,Hybrid,United States,Large (250+),Python & SQL,160023,0,160023,4.4,4.1
EMP-51920,Cloud Architect,Entry-Level,2.9,In-Office,Singapore,Large (250+),Kubernetes / Go,168201,66073,234274,3.2,3.8
EMP-51921,AI Research Scientist,Lead / Principal,10.3,Hybrid,United Kingdom,Medium (50-250),PyTorch / TensorFlow,167784,0,167784,5.0,3.7
EMP-51922,Data Engineer,Senior,7.1,Hybrid,Germany,Small (<50),Java & Spring,120306,25627,145933,3.3,4.2
EMP-51923,Data Scientist,Senior,8.8,Fully Remote,United States,Large (250+),R & Statistics,217011,86705,303716,3.8,4.5
EMP-51924,Software Engineer,Mid-Level,4.8,In-Office,United States,Medium (50-250),AWS / Cloud,164100,39522,203622,3.2,3.6
EMP-51925,AI Research Scientist,Mid-Level,3.1,Hybrid,Canada,Large (250+),PyTorch / TensorFlow,164381,0,164381,2.9,3.9
EMP-51926,Data Engineer,Mid-Level,4.2,Fully Remote,Germany,Small (<50),PyTorch / TensorFlow,107736,0,107736,3.5,2.0
EMP-51927,Data Engineer,Entry-Level,2.3,In-Office,United States,Small (<50),Java & Spring,154830,0,154830,2.6,3.5
EMP-51928,Cloud Architect,Entry-Level,2.4,Hybrid,United Kingdom,Medium (50-250),AWS / Cloud,135378,21667,157045,4.3,3.2
EMP-51929,AI Research Scientist,Senior,9.2,In-Office,United States,Medium (50-250),PyTorch / TensorFlow,257532,45073,302605,3.0,3.6
EMP-51930,Data Engineer,Senior,7.6,In-Office,France,Medium (50-250),PyTorch / TensorFlow,119060,0,119060,2.1,4.1
EMP-51931,Data Engineer,Senior,6.5,Fully Remote,Australia,Medium (50-250),PyTorch / TensorFlow,156364,0,156364,3.6,2.5
EMP-51932,Data Engineer,Mid-Level,4.3,Hybrid,United States,Small (<50),R & Statistics,153045,30001,183046,2.8,3.9
EMP-51933,Data Engineer,Lead / Principal,10.8,Fully Remote,India,Small (<50),Java & Spring,71961,0,71961,3.4,4.7
EMP-51934,Cloud Architect,Entry-Level,2.9,Fully Remote,Australia,Medium (50-250),AWS / Cloud,154476,0,154476,3.0,4.2
EMP-51935,Software Engineer,Mid-Level,4.4,Fully Remote,United States,Small (<50),R & Statistics,142267,47041,189308,4.0,4.1
EMP-51936,ML Engineer,Mid-Level,4.0,Hybrid,Canada,Large (250+),PyTorch / TensorFlow,179057,0,179057,2.8,3.5
EMP-51937,Software Engineer,Senior,9.8,Fully Remote,United States,Medium (50-250),Kubernetes / Go,206973,41748,248721,3.7,3.1
EMP-51938,Data Engineer,Executive,18.0,Fully Remote,Germany,Small (<50),R & Statistics,189837,0,189837,5.0,3.3
EMP-51939,AI Research Scientist,Mid-Level,3.9,Hybrid,United States,Medium (50-250),PyTorch / TensorFlow,198755,0,198755,4.3,3.7
EMP-51940,AI Research Scientist,Lead / Principal,14.9,Fully Remote,United States,Small (<50),PyTorch / TensorFlow,251221,106127,357348,4.0,3.1
EMP-51941,Data Scientist,Senior,10.3,Fully Remote,United States,Small (<50),Python & SQL,199259,37754,237013,4.0,2.6
EMP-51942,Software Engineer,Mid-Level,5.0,Fully Remote,United States,Medium (50-250),R & Statistics,180214,65354,245568,4.4,4.3
EMP-51943,Cloud Architect,Mid-Level,3.1,Fully Remote,India,Large (250+),Kubernetes / Go,92644,0,92644,4.4,3.9
EMP-51944,Software Engineer,Mid-Level,4.7,Hybrid,United States,Large (250+),Java & Spring,169350,0,169350,3.0,4.2
EMP-51945,Data Engineer,Executive,20.1,Fully Remote,United States,Large (250+),Java & Spring,302112,106940,409052,4.4,4.2
EMP-51946,Data Scientist,Mid-Level,3.4,In-Office,Australia,Medium (50-250),Python & SQL,135621,19295,154916,3.6,3.8
EMP-51947,ML Engineer,Senior,7.1,Hybrid,United Kingdom,Medium (50-250),PyTorch / TensorFlow,162062,0,162062,3.0,3.7
EMP-51948,Data Scientist,Mid-Level,5.6,Fully Remote,United Kingdom,Medium (50-250),Python & SQL,122352,20192,142544,4.0,3.9
EMP-51949,Data Scientist,Senior,6.1,Fully Remote,Singapore,Large (250+),R & Statistics,165559,69224,234783,3.6,4.4
EMP-51950,AI Research Scientist,Mid-Level,5.3,Hybrid,Australia,Large (250+),PyTorch / TensorFlow,201762,22909,224671,3.9,4.4
EMP-51951,ML Engineer,Senior,8.4,Hybrid,United States,Small (<50),PyTorch / TensorFlow,191678,83261,274939,2.7,4.3
EMP-51952,Data Engineer,Senior,8.2,Fully Remote,United Kingdom,Small (<50),AWS / Cloud,150165,43208,193373,4.5,4.1
EMP-51953,Software Engineer,Senior,6.0,Fully Remote,France,Medium (50-250),PyTorch / TensorFlow,108548,33411,141959,5.0,4.6
EMP-51954,BI Analyst,Lead / Principal,14.9,In-Office,United States,Large (250+),Python & SQL,185608,68547,254155,2.8,4.3
EMP-51955,Product Manager,Entry-Level,1.7,Fully Remote,United States,Large (250+),Python & SQL,150727,50819,201546,3.9,3.6
EMP-51956,Cloud Architect,Senior,8.7,Fully Remote,United States,Medium (50-250),AWS / Cloud,222806,0,222806,4.8,4.0
EMP-51957,Data Scientist,Entry-Level,2.4,In-Office,United States,Large (250+),R & Statistics,156927,68477,225404,4.4,4.3
EMP-51958,Cloud Architect,Mid-Level,5.1,Hybrid,Canada,Medium (50-250),Kubernetes / Go,155884,61436,217320,3.1,4.7
EMP-51959,Software Engineer,Senior,10.8,Fully Remote,Canada,Large (250+),AWS / Cloud,181982,62581,244563,4.1,3.0
EMP-51960,ML Engineer,Mid-Level,4.6,Hybrid,Singapore,Large (250+),Python & SQL,153537,61166,214703,3.5,4.1
EMP-51961,Data Scientist,Mid-Level,4.2,Fully Remote,Canada,Large (250+),Python & SQL,151420,66817,218237,2.5,3.9
EMP-51962,Software Engineer,Executive,21.6,Hybrid,United States,Medium (50-250),Java & Spring,258438,63346,321784,3.7,3.8
EMP-51963,Data Scientist,Entry-Level,2.3,Hybrid,United States,Small (<50),R & Statistics,153393,0,153393,4.9,4.1
EMP-51964,Data Engineer,Senior,7.5,Hybrid,France,Medium (50-250),AWS / Cloud,141434,27211,168645,3.3,4.2
EMP-51965,Data Engineer,Mid-Level,3.4,In-Office,United States,Medium (50-250),Python & SQL,187437,40395,227832,3.4,2.1
EMP-51966,ML Engineer,Entry-Level,2.7,In-Office,United States,Large (250+),PyTorch / TensorFlow,194582,0,194582,2.6,2.8
EMP-51967,Data Scientist,Entry-Level,1.7,In-Office,Australia,Small (<50),Python & SQL,96938,0,96938,2.1,3.4
EMP-51968,Data Scientist,Lead / Principal,14.0,Hybrid,United Kingdom,Medium (50-250),Python & SQL,148820,0,148820,2.2,3.1
EMP-51969,AI Research Scientist,Lead / Principal,12.8,Fully Remote,United States,Large (250+),PyTorch / TensorFlow,309360,0,309360,3.1,5.0
EMP-51970,AI Research Scientist,Lead / Principal,11.2,Hybrid,Australia,Small (<50),PyTorch / TensorFlow,184359,80029,264388,2.9,3.6
EMP-51971,Software Engineer,Executive,18.8,Hybrid,France,Medium (50-250),AWS / Cloud,175175,45894,221069,3.5,2.7
EMP-51972,ML Engineer,Mid-Level,3.2,In-Office,United States,Medium (50-250),PyTorch / TensorFlow,190105,0,190105,3.3,3.8
EMP-51973,Data Engineer,Mid-Level,4.2,Fully Remote,India,Medium (50-250),PyTorch / TensorFlow,71154,0,71154,3.4,3.9
EMP-51974,Data Scientist,Senior,8.7,In-Office,United States,Small (<50),Python & SQL,174321,59571,233892,4.5,4.1
EMP-51975,Product Manager,Mid-Level,4.3,Hybrid,United Kingdom,Large (250+),R & Statistics,121885,0,121885,3.0,4.2
EMP-51976,ML Engineer,Mid-Level,5.2,In-Office,Australia,Medium (50-250),PyTorch / TensorFlow,170788,48911,219699,3.2,4.1
EMP-51977,Data Scientist,Mid-Level,5.5,In-Office,France,Large (250+),Python & SQL,128987,0,128987,3.9,4.9
EMP-51978,DevOps Engineer,Senior,9.9,Fully Remote,United States,Medium (50-250),Kubernetes / Go,195755,0,195755,2.1,4.0
EMP-51979,Software Engineer,Senior,6.2,Fully Remote,United States,Medium (50-250),PyTorch / TensorFlow,202563,67333,269896,4.5,2.8
EMP-51980,ML Engineer,Entry-Level,1.4,Fully Remote,United States,Small (<50),Python & SQL,157564,62168,219732,5.0,2.8
EMP-51981,Software Engineer,Mid-Level,4.6,Fully Remote,United Kingdom,Small (<50),PyTorch / TensorFlow,108042,19777,127819,3.7,4.8
EMP-51982,Data Scientist,Senior,10.7,Hybrid,United States,Medium (50-250),R & Statistics,194736,0,194736,3.1,4.1
EMP-51983,Data Engineer,Senior,10.2,Hybrid,United States,Small (<50),R & Statistics,199042,82421,281463,2.6,3.3
EMP-51984,ML Engineer,Mid-Level,5.5,In-Office,United States,Medium (50-250),PyTorch / TensorFlow,190421,37902,228323,2.5,3.3
EMP-51985,AI Research Scientist,Senior,7.5,Hybrid,United States,Medium (50-250),PyTorch / TensorFlow,234237,70117,304354,4.5,3.3
EMP-51986,Cloud Architect,Entry-Level,1.9,Fully Remote,United States,Medium (50-250),Kubernetes / Go,167171,0,167171,4.1,3.8
EMP-51987,Data Engineer,Mid-Level,4.4,Fully Remote,India,Small (<50),Kubernetes / Go,67972,15715,83687,3.6,2.9
EMP-51988,Data Scientist,Senior,6.8,Fully Remote,United States,Large (250+),Python & SQL,195809,54721,250530,3.8,3.7
EMP-51989,Cloud Architect,Senior,6.2,Fully Remote,United States,Large (250+),Kubernetes / Go,197114,0,197114,3.5,4.3
EMP-51990,Software Engineer,Mid-Level,5.8,Hybrid,India,Small (<50),AWS / Cloud,50447,12718,63165,4.1,4.1
EMP-51991,ML Engineer,Senior,7.2,Fully Remote,Canada,Small (<50),PyTorch / TensorFlow,142683,27886,170569,4.2,3.0
EMP-51992,Data Engineer,Senior,7.2,Fully Remote,United States,Large (250+),R & Statistics,216240,90984,307224,4.4,3.5
EMP-51993,ML Engineer,Senior,6.4,Fully Remote,United States,Small (<50),PyTorch / TensorFlow,172961,42603,215564,3.8,2.9
EMP-51994,Software Engineer,Senior,10.6,Hybrid,Canada,Large (250+),PyTorch / TensorFlow,176207,61171,237378,3.8,3.2
EMP-51995,Cloud Architect,Senior,8.9,Hybrid,United States,Small (<50),AWS / Cloud,205191,23568,228759,2.8,3.1
EMP-51996,Product Manager,Mid-Level,5.0,Hybrid,Canada,Large (250+),Python & SQL,157974,0,157974,2.5,3.4
EMP-51997,AI Research Scientist,Entry-Level,2.8,Hybrid,United States,Medium (50-250),PyTorch / TensorFlow,200026,0,200026,3.7,3.1
EMP-51998,AI Research Scientist,Mid-Level,4.0,In-Office,United States,Large (250+),PyTorch / TensorFlow,218173,0,218173,3.3,3.4
EMP-51999,Data Scientist,Mid-Level,4.9,Fully Remote,United States,Medium (50-250),Python & SQL,158726,0,158726,5.0,4.1
EMP-52000,ML Engineer,Senior,6.2,Hybrid,Canada,Medium (50-250),PyTorch / TensorFlow,146055,18096,164151,2.8,3.0
EMP-52001,ML Engineer,Mid-Level,3.6,Hybrid,Australia,Small (<50),PyTorch / TensorFlow,132601,51360,183961,3.8,4.4
EMP-52002,DevOps Engineer,Mid-Level,5.5,Hybrid,United States,Medium (50-250),Kubernetes / Go,170024,24642,194666,1.9,4.3
EMP-52003,ML Engineer,Entry-Level,2.5,In-Office,United Kingdom,Large (250+),PyTorch / TensorFlow,148041,0,148041,3.0,3.5
EMP-52004,ML Engineer,Mid-Level,4.1,Fully Remote,United States,Medium (50-250),PyTorch / TensorFlow,192719,0,192719,3.9,3.9
EMP-52005,Software Engineer,Mid-Level,4.1,Hybrid,United Kingdom,Large (250+),Kubernetes / Go,128904,0,128904,2.8,3.3
EMP-52006,Data Scientist,Senior,8.7,Fully Remote,Australia,Medium (50-250),R & Statistics,161592,26419,188011,3.2,4.5
EMP-52007,Software Engineer,Entry-Level,1.0,Hybrid,United States,Large (250+),Kubernetes / Go,158679,0,158679,3.4,3.3
EMP-52008,AI Research Scientist,Senior,7.2,Fully Remote,Singapore,Medium (50-250),PyTorch / TensorFlow,153951,42546,196497,4.2,3.9
EMP-52009,Data Engineer,Lead / Principal,11.2,Fully Remote,Germany,Large (250+),Java & Spring,171650,22719,194369,4.6,4.4
EMP-52010,AI Research Scientist,Entry-Level,1.5,Hybrid,Singapore,Large (250+),Python & SQL,133901,31382,165283,2.3,4.3
EMP-52011,AI Research Scientist,Mid-Level,5.4,Hybrid,Canada,Medium (50-250),PyTorch / TensorFlow,167100,44049,211149,3.0,3.7
EMP-52012,DevOps Engineer,Entry-Level,1.6,Fully Remote,United States,Large (250+),AWS / Cloud,173498,0,173498,5.0,3.4
EMP-52013,ML Engineer,Senior,7.0,Hybrid,United States,Large (250+),PyTorch / TensorFlow,219340,51577,270917,3.3,4.1
EMP-52014,Data Engineer,Senior,8.5,Hybrid,United States,Small (<50),R & Statistics,168712,64750,233462,3.9,3.6
EMP-52015,Data Scientist,Mid-Level,5.6,Fully Remote,United States,Medium (50-250),R & Statistics,175735,0,175735,4.5,3.9
EMP-52016,Data Scientist,Mid-Level,3.7,Hybrid,United Kingdom,Small (<50),Python & SQL,97975,19068,117043,3.0,4.0
EMP-52017,DevOps Engineer,Lead / Principal,10.5,Hybrid,United Kingdom,Large (250+),Kubernetes / Go,164279,46803,211082,2.7,3.9
EMP-52018,AI Research Scientist,Mid-Level,4.1,Hybrid,Singapore,Small (<50),PyTorch / TensorFlow,149805,65576,215381,2.3,3.0
EMP-52019,Cloud Architect,Entry-Level,2.5,Fully Remote,United States,Small (<50),AWS / Cloud,151820,31252,183072,3.4,3.9
EMP-52020,BI Analyst,Lead / Principal,13.3,Fully Remote,Canada,Medium (50-250),Python & SQL,135469,50614,186083,4.4,3.6
EMP-52021,Data Engineer,Senior,10.1,Hybrid,Singapore,Medium (50-250),Kubernetes / Go,156090,42199,198289,2.6,3.8
EMP-52022,Product Manager,Lead / Principal,15.8,In-Office,India,Large (250+),Java & Spring,113684,35817,149501,3.0,3.1
EMP-52023,AI Research Scientist,Senior,10.0,Hybrid,United States,Large (250+),PyTorch / TensorFlow,277189,0,277189,3.0,3.4
EMP-52024,Data Scientist,Senior,9.0,Fully Remote,United Kingdom,Medium (50-250),Python & SQL,139443,16787,156230,4.0,2.4
EMP-52025,ML Engineer,Mid-Level,4.5,Hybrid,United States,Small (<50),Python & SQL,158356,0,158356,2.7,4.8
EMP-52026,Software Engineer,Senior,6.2,In-Office,United States,Large (250+),R & Statistics,193698,32656,226354,3.5,3.7
EMP-52027,BI Analyst,Lead / Principal,15.9,Fully Remote,United States,Medium (50-250),Python & SQL,163680,59401,223081,2.9,3.1
EMP-52028,ML Engineer,Senior,7.9,In-Office,India,Medium (50-250),Python & SQL,86352,27811,114163,2.7,4.8
EMP-52029,Cloud Architect,Mid-Level,3.5,In-Office,United States,Medium (50-250),AWS / Cloud,172639,71341,243980,3.3,3.7
EMP-52030,ML Engineer,Mid-Level,5.0,Fully Remote,United Kingdom,Medium (50-250),Python & SQL,155707,0,155707,2.5,4.5
EMP-52031,Data Engineer,Mid-Level,3.9,In-Office,France,Medium (50-250),Python & SQL,90542,0,90542,3.6,4.7
EMP-52032,Data Scientist,Mid-Level,4.8,Fully Remote,United States,Large (250+),Python & SQL,199629,33968,233597,4.4,3.5
EMP-52033,BI Analyst,Mid-Level,4.8,In-Office,United Kingdom,Medium (50-250),Python & SQL,105389,0,105389,2.0,2.9
EMP-52034,Data Engineer,Senior,8.2,Fully Remote,Canada,Large (250+),Java & Spring,175649,29075,204724,4.0,4.0
EMP-52035,Data Scientist,Senior,10.2,Hybrid,United States,Medium (50-250),Python & SQL,182847,69872,252719,3.7,3.0
EMP-52036,ML Engineer,Mid-Level,3.8,Hybrid,Germany,Medium (50-250),PyTorch / TensorFlow,137288,0,137288,4.1,4.0
EMP-52037,ML Engineer,Senior,8.2,Hybrid,United States,Large (250+),PyTorch / TensorFlow,237408,100375,337783,1.8,3.6
EMP-52038,ML Engineer,Entry-Level,2.1,Fully Remote,India,Medium (50-250),PyTorch / TensorFlow,80060,0,80060,4.0,3.7
EMP-52039,ML Engineer,Entry-Level,2.3,Hybrid,United States,Small (<50),Python & SQL,166421,0,166421,3.3,3.9
EMP-52040,DevOps Engineer,Entry-Level,2.6,Fully Remote,United States,Medium (50-250),AWS / Cloud,152995,0,152995,4.7,2.0
EMP-52041,Data Engineer,Mid-Level,4.2,Fully Remote,United Kingdom,Medium (50-250),Java & Spring,124319,0,124319,4.0,3.8
EMP-52042,Data Engineer,Mid-Level,4.9,Fully Remote,United States,Large (250+),Java & Spring,200035,0,200035,3.5,3.8
EMP-52043,ML Engineer,Mid-Level,3.5,Hybrid,United States,Medium (50-250),PyTorch / TensorFlow,188021,0,188021,3.4,3.9
EMP-52044,DevOps Engineer,Mid-Level,5.8,Fully Remote,United States,Large (250+),AWS / Cloud,174900,0,174900,2.6,3.2
EMP-52045,Cloud Architect,Senior,7.9,Fully Remote,United States,Small (<50),Kubernetes / Go,199201,68515,267716,4.4,4.1
EMP-52046,AI Research Scientist,Entry-Level,2.5,Fully Remote,United Kingdom,Medium (50-250),PyTorch / TensorFlow,151652,0,151652,4.4,3.3
EMP-52047,Cloud Architect,Senior,6.1,Fully Remote,United Kingdom,Large (250+),AWS / Cloud,172247,0,172247,3.6,3.5
EMP-52048,Data Engineer,Senior,7.0,Hybrid,United Kingdom,Large (250+),AWS / Cloud,152477,64013,216490,2.4,3.4
EMP-52049,AI Research Scientist,Senior,8.4,In-Office,Germany,Small (<50),Python & SQL,146331,50349,196680,3.0,4.1
EMP-52050,Data Scientist,Lead / Principal,15.3,Fully Remote,United States,Medium (50-250),Python & SQL,254676,0,254676,3.6,4.3
EMP-52051,Data Engineer,Entry-Level,2.1,In-Office,United States,Medium (50-250),AWS / Cloud,153612,41195,194807,2.9,4.2
EMP-52052,ML Engineer,Entry-Level,2.9,Hybrid,Canada,Medium (50-250),Python & SQL,132359,0,132359,2.4,3.6
EMP-52053,Product Manager,Lead / Principal,12.9,Hybrid,India,Large (250+),R & Statistics,119323,41061,160384,4.2,4.8
EMP-52054,Software Engineer,Mid-Level,4.5,Hybrid,United States,Large (250+),R & Statistics,185209,64683,249892,3.3,3.7
EMP-52055,Cloud Architect,Senior,6.6,In-Office,United States,Medium (50-250),AWS / Cloud,203609,0,203609,2.1,3.9
EMP-52056,Data Scientist,Senior,10.0,Fully Remote,United Kingdom,Large (250+),R & Statistics,166485,21294,187779,4.4,3.6
EMP-52057,Data Scientist,Senior,7.2,Hybrid,United Kingdom,Medium (50-250),R & Statistics,137302,23040,160342,2.4,3.6
EMP-52058,Cloud Architect,Lead / Principal,15.4,Hybrid,Germany,Small (<50),Kubernetes / Go,172917,42960,215877,2.1,5.0
EMP-52059,Data Engineer,Executive,21.3,Hybrid,United States,Medium (50-250),AWS / Cloud,283044,46440,329484,3.3,4.3
EMP-52060,AI Research Scientist,Senior,10.7,In-Office,Canada,Large (250+),PyTorch / TensorFlow,231849,0,231849,1.9,3.4
EMP-52061,Data Engineer,Mid-Level,4.6,Fully Remote,United States,Large (250+),Python & SQL,201499,0,201499,4.2,2.9
EMP-52062,Software Engineer,Lead / Principal,14.1,Hybrid,United Kingdom,Medium (50-250),PyTorch / TensorFlow,178045,66739,244784,2.4,4.2
EMP-52063,Data Scientist,Entry-Level,2.6,Hybrid,India,Medium (50-250),Python & SQL,65617,16043,81660,4.6,3.4
EMP-52064,AI Research Scientist,Mid-Level,3.4,Fully Remote,United States,Large (250+),PyTorch / TensorFlow,225312,100786,326098,4.5,5.0
EMP-52065,Software Engineer,Lead / Principal,13.6,Fully Remote,United States,Medium (50-250),R & Statistics,215429,64456,279885,2.8,3.4
EMP-52066,ML Engineer,Mid-Level,3.1,Hybrid,France,Medium (50-250),PyTorch / TensorFlow,136429,0,136429,2.5,2.7
EMP-52067,ML Engineer,Mid-Level,4.5,In-Office,Australia,Large (250+),PyTorch / TensorFlow,166218,0,166218,2.7,4.9
EMP-52068,ML Engineer,Entry-Level,1.3,Hybrid,Canada,Large (250+),PyTorch / TensorFlow,155496,48180,203676,3.8,3.7
EMP-52069,Data Scientist,Lead / Principal,11.1,In-Office,United States,Medium (50-250),Python & SQL,191951,42177,234128,3.6,2.9
EMP-52070,Software Engineer,Mid-Level,4.1,Fully Remote,United States,Medium (50-250),PyTorch / TensorFlow,157814,17045,174859,3.6,5.0
EMP-52071,Data Engineer,Senior,8.2,Fully Remote,Singapore,Medium (50-250),PyTorch / TensorFlow,156696,21476,178172,3.9,4.2
EMP-52072,ML Engineer,Mid-Level,4.9,Fully Remote,United Kingdom,Small (<50),PyTorch / TensorFlow,129008,45791,174799,2.5,3.1
EMP-52073,DevOps Engineer,Senior,6.4,Fully Remote,India,Large (250+),Kubernetes / Go,88784,24397,113181,3.1,3.1
EMP-52074,DevOps Engineer,Senior,8.5,Fully Remote,United States,Medium (50-250),Kubernetes / Go,182071,79065,261136,4.0,3.6
EMP-52075,DevOps Engineer,Mid-Level,3.5,Fully Remote,United States,Large (250+),Kubernetes / Go,164563,71129,235692,4.3,3.0
EMP-52076,ML Engineer,Mid-Level,4.7,Hybrid,France,Small (<50),PyTorch / TensorFlow,111805,11619,123424,3.7,3.5
EMP-52077,Data Scientist,Mid-Level,4.9,Hybrid,United Kingdom,Medium (50-250),Python & SQL,122391,45678,168069,5.0,4.0
EMP-52078,BI Analyst,Executive,18.5,Fully Remote,United States,Small (<50),Python & SQL,168080,0,168080,3.2,2.5
EMP-52079,Software Engineer,Senior,9.7,Fully Remote,United States,Large (250+),PyTorch / TensorFlow,217805,65523,283328,4.2,3.6
EMP-52080,AI Research Scientist,Lead / Principal,12.0,Fully Remote,United Kingdom,Medium (50-250),Python & SQL,241774,0,241774,3.5,3.0
EMP-52081,AI Research Scientist,Mid-Level,5.3,Hybrid,United States,Medium (50-250),Python & SQL,215444,55996,271440,3.9,4.6
EMP-52082,Data Scientist,Senior,8.2,Fully Remote,United Kingdom,Small (<50),R & Statistics,133584,0,133584,4.0,4.9
EMP-52083,DevOps Engineer,Senior,8.4,Fully Remote,United States,Small (<50),Kubernetes / Go,151214,29279,180493,4.2,3.5
EMP-52084,Data Engineer,Senior,9.2,In-Office,Canada,Small (<50),Python & SQL,145372,19743,165115,3.3,3.1
EMP-52085,Data Engineer,Lead / Principal,10.1,Hybrid,United States,Medium (50-250),Java & Spring,198035,51761,249796,3.2,3.8
EMP-52086,ML Engineer,Mid-Level,5.0,Fully Remote,France,Medium (50-250),PyTorch / TensorFlow,126444,0,126444,4.7,2.7
EMP-52087,Cloud Architect,Entry-Level,2.2,Fully Remote,United States,Medium (50-250),Kubernetes / Go,157010,0,157010,4.1,2.9
EMP-52088,Software Engineer,Senior,7.5,Fully Remote,United Kingdom,Medium (50-250),R & Statistics,124946,55755,180701,3.9,3.9
EMP-52089,Data Scientist,Senior,6.4,Hybrid,United States,Medium (50-250),R & Statistics,163068,0,163068,3.7,2.6
EMP-52090,Software Engineer,Senior,6.5,Hybrid,Canada,Medium (50-250),Python & SQL,141241,29709,170950,2.6,3.7
EMP-52091,BI Analyst,Mid-Level,5.8,Fully Remote,France,Medium (50-250),Python & SQL,97269,0,97269,4.8,4.0
EMP-52092,ML Engineer,Mid-Level,5.1,Hybrid,India,Small (<50),PyTorch / TensorFlow,67405,21466,88871,3.7,2.9
EMP-52093,Data Engineer,Mid-Level,3.4,Fully Remote,United Kingdom,Large (250+),PyTorch / TensorFlow,157034,21643,178677,3.4,2.9
EMP-52094,Data Scientist,Mid-Level,4.1,Fully Remote,United Kingdom,Medium (50-250),Python & SQL,114551,0,114551,3.8,4.3
EMP-52095,Software Engineer,Senior,9.0,Fully Remote,India,Small (<50),R & Statistics,53140,18954,72094,2.7,3.9
EMP-52096,Data Engineer,Senior,10.2,Hybrid,Singapore,Small (<50),PyTorch / TensorFlow,141668,30909,172577,2.3,4.2
EMP-52097,Cloud Architect,Mid-Level,3.1,Fully Remote,France,Large (250+),AWS / Cloud,139109,50224,189333,3.5,4.1
EMP-52098,Software Engineer,Mid-Level,3.7,Fully Remote,United States,Large (250+),R & Statistics,190497,0,190497,3.5,4.7
EMP-52099,Data Scientist,Mid-Level,5.7,Fully Remote,France,Medium (50-250),Python & SQL,139373,50511,189884,3.9,5.0
EMP-52100,Product Manager,Mid-Level,3.0,Fully Remote,United States,Medium (50-250),R & Statistics,167733,0,167733,2.8,3.2
EMP-52101,Data Engineer,Senior,7.0,Hybrid,United States,Medium (50-250),R & Statistics,195245,63376,258621,2.7,3.5
EMP-52102,ML Engineer,Lead / Principal,15.8,Fully Remote,United States,Large (250+),PyTorch / TensorFlow,284647,87061,371708,3.8,3.0
EMP-52103,Cloud Architect,Mid-Level,4.8,Fully Remote,United States,Large (250+),Kubernetes / Go,219925,23636,243561,4.3,3.6
EMP-52104,Software Engineer,Senior,7.3,Hybrid,Canada,Medium (50-250),R & Statistics,132086,55060,187146,4.5,4.2
EMP-52105,Data Scientist,Lead / Principal,10.4,Hybrid,India,Large (250+),Python & SQL,73677,13403,87080,4.3,3.4
EMP-52106,DevOps Engineer,Senior,6.1,Hybrid,Canada,Large (250+),Kubernetes / Go,128401,13662,142063,3.4,4.6
EMP-52107,DevOps Engineer,Mid-Level,3.7,Hybrid,Germany,Medium (50-250),AWS / Cloud,118391,29770,148161,3.2,2.4
EMP-52108,ML Engineer,Lead / Principal,15.3,Fully Remote,United Kingdom,Medium (50-250),PyTorch / TensorFlow,203540,0,203540,2.9,4.0
EMP-52109,BI Analyst,Mid-Level,4.2,Hybrid,Germany,Small (<50),Python & SQL,72529,14139,86668,3.4,4.0
EMP-52110,ML Engineer,Mid-Level,5.2,Hybrid,United States,Small (<50),PyTorch / TensorFlow,190287,25615,215902,3.9,3.4
EMP-52111,ML Engineer,Entry-Level,2.8,Fully Remote,India,Large (250+),Python & SQL,115152,0,115152,3.4,3.6
EMP-52112,ML Engineer,Mid-Level,4.2,In-Office,Germany,Medium (50-250),PyTorch / TensorFlow,141151,0,141151,3.7,3.9
EMP-52113,DevOps Engineer,Entry-Level,1.4,Fully Remote,Germany,Large (250+),AWS / Cloud,113546,40749,154295,4.1,4.3
EMP-52114,Cloud Architect,Mid-Level,4.6,In-Office,United Kingdom,Large (250+),AWS / Cloud,143987,40851,184838,3.5,2.3
EMP-52115,ML Engineer,Mid-Level,5.7,In-Office,Australia,Small (<50),PyTorch / TensorFlow,149382,0,149382,3.3,3.3
EMP-52116,Data Scientist,Senior,10.0,Hybrid,United States,Medium (50-250),Python & SQL,208113,60291,268404,2.5,4.0
EMP-52117,Data Engineer,Lead / Principal,10.4,In-Office,United States,Large (250+),R & Statistics,237171,65362,302533,4.2,4.0
EMP-52118,AI Research Scientist,Mid-Level,5.1,Hybrid,Canada,Large (250+),Python & SQL,196872,0,196872,4.0,4.4
EMP-52119,DevOps Engineer,Lead / Principal,13.4,Fully Remote,United Kingdom,Large (250+),AWS / Cloud,173949,0,173949,3.3,4.6
EMP-52120,Software Engineer,Lead / Principal,15.4,Hybrid,Australia,Medium (50-250),PyTorch / TensorFlow,194629,50634,245263,2.5,4.3
EMP-52121,Data Engineer,Senior,6.6,Fully Remote,United States,Medium (50-250),PyTorch / TensorFlow,175046,0,175046,3.8,3.1
EMP-52122,BI Analyst,Entry-Level,2.1,Fully Remote,United States,Medium (50-250),Python & SQL,88548,0,88548,3.3,3.3
EMP-52123,Data Scientist,Senior,10.4,Hybrid,Australia,Large (250+),Python & SQL,170338,21076,191414,3.6,4.0
EMP-52124,BI Analyst,Lead / Principal,12.5,Fully Remote,United Kingdom,Medium (50-250),Python & SQL,133116,40530,173646,3.7,3.6
EMP-52125,Cloud Architect,Senior,8.4,Fully Remote,United Kingdom,Large (250+),Kubernetes / Go,179237,35077,214314,3.5,3.2
EMP-52126,Cloud Architect,Mid-Level,3.2,Hybrid,United States,Medium (50-250),AWS / Cloud,186264,58495,244759,2.9,3.2
EMP-52127,ML Engineer,Mid-Level,3.8,In-Office,United States,Large (250+),PyTorch / TensorFlow,202994,81052,284046,4.7,3.4
EMP-52128,DevOps Engineer,Senior,7.6,Fully Remote,Germany,Medium (50-250),AWS / Cloud,124111,30040,154151,4.4,3.7
EMP-52129,Data Scientist,Mid-Level,5.8,Fully Remote,United States,Medium (50-250),Python & SQL,175165,0,175165,2.7,3.3
EMP-52130,ML Engineer,Entry-Level,1.6,Fully Remote,India,Medium (50-250),Python & SQL,86064,0,86064,5.0,3.0
EMP-52131,AI Research Scientist,Mid-Level,4.4,Hybrid,Canada,Medium (50-250),PyTorch / TensorFlow,162689,41183,203872,2.7,4.0
EMP-52132,Data Engineer,Senior,9.4,Fully Remote,United States,Medium (50-250),Java & Spring,221098,50457,271555,3.5,5.0
EMP-52133,Data Engineer,Lead / Principal,11.0,Hybrid,Germany,Small (<50),AWS / Cloud,146724,40235,186959,3.3,2.1
EMP-52134,Cloud Architect,Entry-Level,2.0,Fully Remote,United Kingdom,Small (<50),Kubernetes / Go,123269,16292,139561,3.1,3.4
EMP-52135,DevOps Engineer,Lead / Principal,14.4,Fully Remote,United States,Medium (50-250),AWS / Cloud,218808,0,218808,4.6,3.7
EMP-52136,AI Research Scientist,Mid-Level,5.6,In-Office,United States,Large (250+),PyTorch / TensorFlow,243029,84860,327889,3.6,4.8
EMP-52137,Software Engineer,Senior,9.1,Fully Remote,United States,Medium (50-250),Kubernetes / Go,204628,83544,288172,4.1,3.7
EMP-52138,ML Engineer,Senior,9.3,Hybrid,Germany,Small (<50),PyTorch / TensorFlow,145936,20584,166520,4.1,4.2
EMP-52139,DevOps Engineer,Senior,6.6,Fully Remote,Germany,Large (250+),Kubernetes / Go,157707,25514,183221,4.4,3.3
EMP-52140,Software Engineer,Lead / Principal,15.7,Hybrid,United Kingdom,Medium (50-250),R & Statistics,155529,28204,183733,4.3,3.9
EMP-52141,Data Engineer,Mid-Level,3.4,Hybrid,Canada,Large (250+),R & Statistics,162024,0,162024,4.8,3.4
EMP-52142,Cloud Architect,Lead / Principal,14.6,Fully Remote,Canada,Medium (50-250),Kubernetes / Go,221432,47716,269148,3.5,2.8
EMP-52143,Data Scientist,Entry-Level,1.5,Fully Remote,Germany,Small (<50),R & Statistics,98898,34106,133004,4.2,4.4
EMP-52144,Data Scientist,Senior,10.7,Fully Remote,Canada,Medium (50-250),Python & SQL,180258,0,180258,3.5,4.0
EMP-52145,Software Engineer,Senior,9.6,Hybrid,United States,Medium (50-250),AWS / Cloud,210468,61040,271508,2.3,4.6
EMP-52146,Data Scientist,Senior,9.8,Hybrid,Australia,Small (<50),Python & SQL,140072,57589,197661,4.3,4.7
EMP-52147,Data Scientist,Mid-Level,3.7,Hybrid,Germany,Small (<50),Python & SQL,103190,0,103190,3.7,3.8
EMP-52148,Data Engineer,Lead / Principal,12.7,Hybrid,India,Small (<50),PyTorch / TensorFlow,87170,16250,103420,3.7,4.3
EMP-52149,Software Engineer,Entry-Level,2.2,Fully Remote,United Kingdom,Medium (50-250),Kubernetes / Go,118365,0,118365,3.9,3.2
EMP-52150,Data Scientist,Entry-Level,2.5,Fully Remote,United States,Medium (50-250),Python & SQL,165159,38231,203390,2.8,3.4
EMP-52151,ML Engineer,Senior,6.5,Fully Remote,United Kingdom,Medium (50-250),PyTorch / TensorFlow,155979,21968,177947,5.0,5.0
EMP-52152,Cloud Architect,Mid-Level,5.9,Fully Remote,United States,Small (<50),AWS / Cloud,164993,0,164993,2.5,4.4
EMP-52153,Software Engineer,Senior,10.5,Fully Remote,Germany,Medium (50-250),Java & Spring,143600,51042,194642,3.3,4.4
EMP-52154,ML Engineer,Mid-Level,3.8,Hybrid,United Kingdom,Medium (50-250),PyTorch / TensorFlow,140175,0,140175,3.5,2.2
EMP-52155,ML Engineer,Entry-Level,2.6,Hybrid,India,Medium (50-250),PyTorch / TensorFlow,84041,27326,111367,3.3,2.9
EMP-52156,ML Engineer,Senior,8.6,In-Office,Germany,Small (<50),PyTorch / TensorFlow,142928,29961,172889,4.3,3.5
EMP-52157,Data Scientist,Senior,8.3,Fully Remote,Germany,Small (<50),Python & SQL,116882,14664,131546,3.4,4.2
EMP-52158,Data Scientist,Mid-Level,3.9,Hybrid,United States,Medium (50-250),R & Statistics,144834,0,144834,3.4,4.2
EMP-52159,Software Engineer,Senior,8.9,Hybrid,France,Small (<50),AWS / Cloud,122667,43560,166227,3.4,3.2
EMP-52160,Cloud Architect,Mid-Level,5.2,Hybrid,India,Medium (50-250),Kubernetes / Go,85637,0,85637,2.6,3.7
EMP-52161,Data Engineer,Senior,8.1,Fully Remote,Canada,Medium (50-250),PyTorch / TensorFlow,160787,61152,221939,3.7,4.5
EMP-52162,Data Scientist,Mid-Level,4.9,Fully Remote,United States,Medium (50-250),R & Statistics,171160,0,171160,4.6,3.8
EMP-52163,Software Engineer,Senior,9.5,Fully Remote,United Kingdom,Medium (50-250),AWS / Cloud,139517,41188,180705,2.4,4.3
EMP-52164,Data Scientist,Senior,9.6,Fully Remote,United States,Medium (50-250),Python & SQL,227940,0,227940,3.9,3.8
EMP-52165,BI Analyst,Senior,6.3,Hybrid,United Kingdom,Medium (50-250),Python & SQL,88542,13902,102444,2.0,4.0
EMP-52166,Cloud Architect,Entry-Level,2.7,Fully Remote,United States,Large (250+),AWS / Cloud,197412,53879,251291,2.9,4.6
EMP-52167,ML Engineer,Senior,8.3,Fully Remote,United Kingdom,Large (250+),Python & SQL,181006,75390,256396,3.1,3.4
EMP-52168,Cloud Architect,Senior,7.3,Hybrid,Germany,Medium (50-250),Kubernetes / Go,138516,16099,154615,2.4,3.5
EMP-52169,Data Scientist,Senior,7.2,Hybrid,United States,Medium (50-250),R & Statistics,174498,33125,207623,2.4,4.1
EMP-52170,Cloud Architect,Mid-Level,4.4,Hybrid,United Kingdom,Medium (50-250),Kubernetes / Go,141810,0,141810,3.5,3.7
EMP-52171,AI Research Scientist,Lead / Principal,15.3,Hybrid,India,Large (250+),PyTorch / TensorFlow,163262,29112,192374,3.5,4.3
EMP-52172,ML Engineer,Senior,7.9,Fully Remote,United States,Small (<50),PyTorch / TensorFlow,194335,63553,257888,4.3,2.9
EMP-52173,DevOps Engineer,Entry-Level,2.5,Fully Remote,Canada,Large (250+),AWS / Cloud,141326,62539,203865,2.1,3.0
EMP-52174,ML Engineer,Mid-Level,3.3,Fully Remote,United States,Medium (50-250),Python & SQL,199127,0,199127,3.4,4.5
EMP-52175,Software Engineer,Lead / Principal,12.9,Hybrid,United States,Medium (50-250),Java & Spring,188174,0,188174,1.7,3.1
EMP-52176,ML Engineer,Entry-Level,3.0,In-Office,United States,Small (<50),PyTorch / TensorFlow,158915,40872,199787,3.8,3.1
EMP-52177,Cloud Architect,Lead / Principal,14.6,Fully Remote,Canada,Medium (50-250),AWS / Cloud,219340,93097,312437,3.2,4.0
EMP-52178,Cloud Architect,Senior,7.1,Hybrid,United States,Medium (50-250),AWS / Cloud,196591,72432,269023,3.0,3.4
EMP-52179,Data Engineer,Senior,8.5,Fully Remote,India,Small (<50),Python & SQL,95556,34129,129685,4.4,2.8
EMP-52180,Data Scientist,Mid-Level,3.7,Hybrid,United Kingdom,Medium (50-250),Python & SQL,127076,0,127076,3.0,3.6
EMP-52181,ML Engineer,Mid-Level,4.2,Fully Remote,United States,Large (250+),PyTorch / TensorFlow,218260,72351,290611,2.9,2.9
EMP-52182,AI Research Scientist,Lead / Principal,14.7,Fully Remote,Canada,Medium (50-250),PyTorch / TensorFlow,221874,72769,294643,3.3,2.6
EMP-52183,Data Scientist,Mid-Level,5.3,Hybrid,United States,Medium (50-250),Python & SQL,153979,20016,173995,3.7,2.4
EMP-52184,Cloud Architect,Senior,7.1,Hybrid,Canada,Small (<50),Kubernetes / Go,142797,0,142797,4.3,4.6
EMP-52185,Product Manager,Mid-Level,5.8,Hybrid,United States,Large (250+),Java & Spring,211396,74588,285984,2.9,4.9
EMP-52186,DevOps Engineer,Entry-Level,2.2,Fully Remote,United States,Large (250+),Kubernetes / Go,131899,0,131899,4.2,4.0
EMP-52187,Software Engineer,Entry-Level,1.8,Fully Remote,Canada,Medium (50-250),AWS / Cloud,127796,53566,181362,3.5,3.2
EMP-52188,Software Engineer,Senior,8.5,Fully Remote,Singapore,Medium (50-250),AWS / Cloud,152927,44606,197533,4.5,2.6
EMP-52189,Cloud Architect,Executive,18.8,In-Office,United States,Medium (50-250),Kubernetes / Go,285569,48971,334540,3.3,3.7
EMP-52190,ML Engineer,Mid-Level,4.7,In-Office,India,Medium (50-250),PyTorch / TensorFlow,60728,0,60728,2.7,3.6
EMP-52191,DevOps Engineer,Mid-Level,4.5,Hybrid,United States,Medium (50-250),AWS / Cloud,179582,20002,199584,3.1,4.4
EMP-52192,Cloud Architect,Mid-Level,4.5,Fully Remote,India,Large (250+),Kubernetes / Go,65126,7922,73048,3.6,5.0
EMP-52193,Data Engineer,Mid-Level,3.5,In-Office,Germany,Medium (50-250),Kubernetes / Go,108724,0,108724,3.9,4.2
EMP-52194,ML Engineer,Mid-Level,5.4,Hybrid,United States,Medium (50-250),PyTorch / TensorFlow,169153,0,169153,3.3,3.5
EMP-52195,Data Scientist,Lead / Principal,13.3,Hybrid,United States,Medium (50-250),R & Statistics,204599,21047,225646,2.8,5.0
EMP-52196,Data Scientist,Mid-Level,3.4,Fully Remote,United States,Large (250+),Python & SQL,183869,25382,209251,2.0,4.1
EMP-52197,DevOps Engineer,Mid-Level,5.3,Hybrid,United States,Small (<50),AWS / Cloud,166706,0,166706,2.0,4.1
EMP-52198,Data Engineer,Entry-Level,2.9,Hybrid,United States,Medium (50-250),Kubernetes / Go,179574,0,179574,3.9,3.3
EMP-52199,Data Scientist,Executive,21.6,Hybrid,Germany,Medium (50-250),Python & SQL,200576,0,200576,4.0,4.4
EMP-52200,BI Analyst,Mid-Level,4.1,Hybrid,France,Medium (50-250),Python & SQL,86471,25629,112100,3.5,4.1
EMP-52201,ML Engineer,Entry-Level,1.3,Fully Remote,United States,Large (250+),PyTorch / TensorFlow,201786,0,201786,5.0,4.7
EMP-52202,Data Scientist,Senior,8.6,Hybrid,United Kingdom,Small (<50),Python & SQL,129320,22415,151735,3.9,4.1
EMP-52203,AI Research Scientist,Senior,6.6,Hybrid,United Kingdom,Large (250+),PyTorch / TensorFlow,193659,0,193659,3.6,3.8
EMP-52204,Software Engineer,Mid-Level,5.8,Fully Remote,Australia,Small (<50),Python & SQL,143689,55262,198951,4.7,3.8
EMP-52205,Product Manager,Mid-Level,3.6,Fully Remote,United Kingdom,Small (<50),AWS / Cloud,119192,52455,171647,3.7,5.0
EMP-52206,Data Scientist,Senior,7.3,Fully Remote,United Kingdom,Large (250+),R & Statistics,139569,61539,201108,4.8,3.6
EMP-52207,DevOps Engineer,Mid-Level,4.2,Hybrid,United Kingdom,Medium (50-250),AWS / Cloud,109318,0,109318,4.0,5.0
EMP-52208,Data Scientist,Senior,7.9,Fully Remote,United States,Medium (50-250),Python & SQL,183521,39072,222593,3.6,4.3
EMP-52209,Product Manager,Senior,10.0,Hybrid,United States,Medium (50-250),Python & SQL,211745,85841,297586,2.7,2.5
EMP-52210,Software Engineer,Mid-Level,4.4,Fully Remote,United States,Medium (50-250),Python & SQL,153731,0,153731,4.3,3.4
EMP-52211,Software Engineer,Mid-Level,3.5,In-Office,United States,Medium (50-250),PyTorch / TensorFlow,169482,0,169482,3.0,2.9
EMP-52212,AI Research Scientist,Mid-Level,3.8,Fully Remote,United Kingdom,Large (250+),PyTorch / TensorFlow,190299,0,190299,3.9,3.3
EMP-52213,BI Analyst,Senior,8.5,Fully Remote,United States,Large (250+),Python & SQL,140621,44844,185465,3.4,3.1
EMP-52214,Cloud Architect,Mid-Level,3.4,Hybrid,United Kingdom,Medium (50-250),AWS / Cloud,142530,0,142530,3.6,3.4
EMP-52215,Data Scientist,Mid-Level,4.8,Hybrid,United States,Medium (50-250),Python & SQL,166740,63710,230450,3.2,3.0
EMP-52216,Software Engineer,Senior,8.8,Fully Remote,Singapore,Medium (50-250),PyTorch / TensorFlow,147759,32853,180612,2.9,3.6
EMP-52217,Data Scientist,Executive,19.7,Fully Remote,Australia,Medium (50-250),R & Statistics,241260,41904,283164,3.5,4.2
EMP-52218,DevOps Engineer,Mid-Level,5.8,Fully Remote,United States,Small (<50),Kubernetes / Go,179153,0,179153,4.5,4.3
EMP-52219,ML Engineer,Lead / Principal,15.5,Hybrid,United States,Medium (50-250),PyTorch / TensorFlow,281490,36508,317998,2.6,3.3
EMP-52220,Cloud Architect,Mid-Level,5.8,Hybrid,Germany,Small (<50),Kubernetes / Go,127210,0,127210,3.7,3.3
EMP-52221,Data Engineer,Entry-Level,1.5,Hybrid,United States,Small (<50),PyTorch / TensorFlow,144192,30465,174657,3.1,4.0
EMP-52222,AI Research Scientist,Mid-Level,3.4,Hybrid,United States,Small (<50),Python & SQL,184362,71640,256002,1.9,4.3
EMP-52223,ML Engineer,Mid-Level,3.9,Hybrid,United States,Medium (50-250),PyTorch / TensorFlow,198527,0,198527,3.4,3.8
EMP-52224,AI Research Scientist,Mid-Level,5.7,Fully Remote,Australia,Large (250+),PyTorch / TensorFlow,202792,79862,282654,3.4,3.0
EMP-52225,Data Scientist,Entry-Level,2.9,In-Office,India,Medium (50-250),Python & SQL,81398,0,81398,2.5,2.9
EMP-52226,Data Scientist,Lead / Principal,15.2,In-Office,United Kingdom,Medium (50-250),Python & SQL,187650,39730,227380,2.8,4.0
EMP-52227,Data Engineer,Senior,6.6,Fully Remote,United Kingdom,Small (<50),R & Statistics,125112,37375,162487,4.1,4.3
EMP-52228,Data Scientist,Senior,10.7,Fully Remote,Singapore,Medium (50-250),R & Statistics,159174,51618,210792,4.2,4.3
EMP-52229,Data Scientist,Entry-Level,1.8,Fully Remote,Singapore,Medium (50-250),R & Statistics,125911,0,125911,3.8,4.2
EMP-52230,Software Engineer,Entry-Level,1.0,Fully Remote,Singapore,Medium (50-250),Java & Spring,124961,30808,155769,4.0,3.1
EMP-52231,AI Research Scientist,Entry-Level,1.9,Hybrid,United States,Large (250+),PyTorch / TensorFlow,187634,42225,229859,4.2,3.6
EMP-52232,DevOps Engineer,Senior,6.2,Hybrid,United States,Small (<50),AWS / Cloud,148031,34004,182035,3.1,3.2
EMP-52233,DevOps Engineer,Lead / Principal,13.3,Hybrid,Germany,Small (<50),Kubernetes / Go,161134,46582,207716,3.2,4.4
EMP-52234,Cloud Architect,Mid-Level,4.0,Hybrid,United Kingdom,Medium (50-250),AWS / Cloud,127037,50171,177208,2.8,4.4
EMP-52235,Data Engineer,Entry-Level,1.9,Hybrid,United States,Large (250+),Python & SQL,162336,42439,204775,4.7,3.5
EMP-52236,DevOps Engineer,Mid-Level,4.8,Hybrid,United States,Large (250+),AWS / Cloud,163262,0,163262,3.6,4.6
EMP-52237,ML Engineer,Mid-Level,5.6,Fully Remote,Australia,Large (250+),Python & SQL,183073,27726,210799,3.3,3.1
EMP-52238,AI Research Scientist,Mid-Level,5.0,Fully Remote,India,Medium (50-250),PyTorch / TensorFlow,103194,0,103194,4.6,3.1
EMP-52239,ML Engineer,Senior,8.2,Hybrid,United States,Large (250+),PyTorch / TensorFlow,232040,46964,279004,3.7,3.6
EMP-52240,Software Engineer,Senior,10.1,Fully Remote,Australia,Small (<50),AWS / Cloud,144812,48732,193544,3.7,2.5
EMP-52241,AI Research Scientist,Entry-Level,2.8,Fully Remote,United Kingdom,Small (<50),Python & SQL,131960,0,131960,4.4,4.0
EMP-52242,Data Engineer,Entry-Level,1.2,In-Office,India,Large (250+),Python & SQL,81899,22532,104431,3.7,5.0
EMP-52243,BI Analyst,Executive,18.3,Hybrid,United States,Large (250+),Python & SQL,182829,0,182829,3.3,2.9
EMP-52244,DevOps Engineer,Mid-Level,3.9,Fully Remote,United States,Small (<50),AWS / Cloud,136578,37598,174176,2.1,4.1
EMP-52245,Data Engineer,Entry-Level,1.1,Hybrid,United States,Small (<50),Kubernetes / Go,152632,62787,215419,3.5,3.4
EMP-52246,AI Research Scientist,Mid-Level,5.0,Hybrid,United States,Small (<50),PyTorch / TensorFlow,198044,84160,282204,2.7,3.7
EMP-52247,Software Engineer,Entry-Level,2.7,Fully Remote,United Kingdom,Small (<50),AWS / Cloud,99700,0,99700,3.1,4.2
EMP-52248,Data Engineer,Mid-Level,3.5,Fully Remote,United States,Small (<50),Java & Spring,160204,29408,189612,4.1,3.6
EMP-52249,ML Engineer,Senior,10.1,In-Office,France,Large (250+),PyTorch / TensorFlow,173130,61501,234631,3.1,4.3
EMP-52250,AI Research Scientist,Mid-Level,5.6,Fully Remote,United States,Medium (50-250),PyTorch / TensorFlow,188065,0,188065,3.1,3.8
EMP-52251,DevOps Engineer,Mid-Level,5.7,Fully Remote,United States,Large (250+),AWS / Cloud,206321,0,206321,3.2,3.8
EMP-52252,Cloud Architect,Senior,7.3,Hybrid,United Kingdom,Large (250+),AWS / Cloud,148862,0,148862,3.0,4.6
EMP-52253,Software Engineer,Mid-Level,5.7,Hybrid,United Kingdom,Medium (50-250),AWS / Cloud,122216,47108,169324,2.6,4.1
EMP-52254,DevOps Engineer,Lead / Principal,11.9,Fully Remote,United States,Large (250+),Kubernetes / Go,215977,24356,240333,3.4,2.4
EMP-52255,Data Engineer,Lead / Principal,13.3,Fully Remote,Canada,Medium (50-250),AWS / Cloud,193536,56250,249786,2.7,3.9
EMP-52256,Data Engineer,Entry-Level,1.1,Fully Remote,United Kingdom,Medium (50-250),Kubernetes / Go,127135,35312,162447,4.1,2.4
EMP-52257,Data Scientist,Senior,6.2,In-Office,United Kingdom,Medium (50-250),Python & SQL,144127,15837,159964,3.0,3.7
EMP-52258,Data Scientist,Mid-Level,5.2,Fully Remote,Canada,Medium (50-250),Python & SQL,166865,0,166865,3.9,2.8
EMP-52259,Data Scientist,Executive,17.6,Hybrid,United States,Large (250+),Python & SQL,259311,105954,365265,2.5,4.6
EMP-52260,Software Engineer,Mid-Level,3.8,In-Office,United Kingdom,Large (250+),Kubernetes / Go,112850,0,112850,2.7,3.2
EMP-52261,Data Engineer,Executive,15.5,Fully Remote,Australia,Medium (50-250),Java & Spring,182455,78266,260721,4.3,3.5
EMP-52262,DevOps Engineer,Senior,9.3,In-Office,United States,Large (250+),Kubernetes / Go,206963,67606,274569,2.8,3.2
EMP-52263,Data Scientist,Mid-Level,3.0,In-Office,United States,Small (<50),Python & SQL,148080,0,148080,3.4,3.4
EMP-52264,Data Engineer,Senior,10.0,In-Office,Australia,Large (250+),Kubernetes / Go,178484,21567,200051,4.0,3.0
EMP-52265,Cloud Architect,Executive,14.6,Fully Remote,United States,Medium (50-250),AWS / Cloud,252025,59523,311548,4.5,3.9
EMP-52266,Data Engineer,Lead / Principal,11.1,Hybrid,United States,Small (<50),Python & SQL,177130,73495,250625,3.3,3.1
EMP-52267,Cloud Architect,Entry-Level,1.8,Hybrid,France,Medium (50-250),Kubernetes / Go,116115,0,116115,3.5,3.8
EMP-52268,ML Engineer,Senior,8.4,In-Office,United States,Medium (50-250),PyTorch / TensorFlow,217981,47385,265366,3.8,4.2
EMP-52269,Data Engineer,Mid-Level,4.1,Fully Remote,United States,Small (<50),PyTorch / TensorFlow,155740,32485,188225,3.1,4.5
EMP-52270,ML Engineer,Entry-Level,1.6,Hybrid,India,Large (250+),Python & SQL,90436,33075,123511,2.8,4.3
EMP-52271,Data Scientist,Mid-Level,5.9,Fully Remote,India,Small (<50),Python & SQL,67514,0,67514,4.3,3.5
EMP-52272,Data Engineer,Mid-Level,4.9,Fully Remote,United Kingdom,Large (250+),Python & SQL,146829,29397,176226,3.8,3.8
EMP-52273,Cloud Architect,Senior,6.1,Hybrid,United Kingdom,Large (250+),AWS / Cloud,159052,47756,206808,4.2,2.9
EMP-52274,Product Manager,Mid-Level,4.3,Hybrid,India,Medium (50-250),PyTorch / TensorFlow,67323,0,67323,3.5,4.0
EMP-52275,Data Engineer,Senior,10.4,Hybrid,Canada,Medium (50-250),Python & SQL,160636,38464,199100,3.4,4.1
EMP-52276,Software Engineer,Entry-Level,1.6,Hybrid,United States,Large (250+),Java & Spring,160207,37505,197712,2.6,2.6
EMP-52277,Data Engineer,Mid-Level,3.3,In-Office,United States,Medium (50-250),Kubernetes / Go,139954,0,139954,3.3,3.5
EMP-52278,Cloud Architect,Mid-Level,5.3,Fully Remote,United Kingdom,Medium (50-250),Kubernetes / Go,127129,42895,170024,4.3,3.0
EMP-52279,AI Research Scientist,Mid-Level,4.8,Hybrid,India,Medium (50-250),PyTorch / TensorFlow,105459,0,105459,2.4,3.6
EMP-52280,ML Engineer,Entry-Level,2.1,Fully Remote,Australia,Medium (50-250),PyTorch / TensorFlow,146365,47090,193455,3.6,3.7
EMP-52281,Data Scientist,Mid-Level,3.2,Fully Remote,Singapore,Large (250+),R & Statistics,113685,0,113685,3.1,4.2
EMP-52282,Data Scientist,Senior,6.7,Hybrid,India,Small (<50),Python & SQL,56074,16345,72419,3.9,4.0
EMP-52283,AI Research Scientist,Mid-Level,4.9,In-Office,United Kingdom,Medium (50-250),PyTorch / TensorFlow,165098,0,165098,3.6,4.2
EMP-52284,ML Engineer,Mid-Level,3.6,Hybrid,United States,Medium (50-250),PyTorch / TensorFlow,161828,39896,201724,3.8,3.8
EMP-52285,ML Engineer,Mid-Level,4.5,Hybrid,Canada,Large (250+),PyTorch / TensorFlow,144699,55298,199997,4.5,3.6
EMP-52286,BI Analyst,Lead / Principal,13.3,Fully Remote,Canada,Large (250+),R & Statistics,119126,47297,166423,3.6,4.5
EMP-52287,Data Scientist,Lead / Principal,11.7,Fully Remote,United Kingdom,Medium (50-250),R & Statistics,168035,68579,236614,4.9,4.0
EMP-52288,Data Engineer,Mid-Level,5.8,Hybrid,United States,Small (<50),AWS / Cloud,139664,0,139664,3.4,2.9
EMP-52289,ML Engineer,Mid-Level,5.5,Fully Remote,Australia,Small (<50),PyTorch / TensorFlow,151152,0,151152,4.6,2.9
EMP-52290,Data Engineer,Entry-Level,2.4,Fully Remote,United States,Medium (50-250),Python & SQL,172683,56517,229200,3.8,2.9
EMP-52291,Data Scientist,Lead / Principal,10.5,Hybrid,United States,Medium (50-250),Python & SQL,216915,70540,287455,3.7,4.2
EMP-52292,ML Engineer,Entry-Level,1.2,Fully Remote,Germany,Large (250+),PyTorch / TensorFlow,150787,0,150787,3.1,4.3
EMP-52293,Data Engineer,Mid-Level,4.5,Fully Remote,Germany,Medium (50-250),PyTorch / TensorFlow,126287,25331,151618,3.9,5.0
EMP-52294,AI Research Scientist,Mid-Level,3.5,Hybrid,United States,Medium (50-250),PyTorch / TensorFlow,192051,46569,238620,3.9,3.1
EMP-52295,AI Research Scientist,Mid-Level,5.9,Hybrid,India,Large (250+),PyTorch / TensorFlow,82721,16300,99021,2.5,3.0
EMP-52296,ML Engineer,Entry-Level,1.3,In-Office,United States,Medium (50-250),PyTorch / TensorFlow,147619,0,147619,3.6,3.4
EMP-52297,AI Research Scientist,Senior,8.4,Hybrid,United States,Medium (50-250),Python & SQL,230821,24185,255006,4.0,1.9
EMP-52298,ML Engineer,Entry-Level,1.7,Fully Remote,United States,Small (<50),Python & SQL,156494,0,156494,4.0,3.1
EMP-52299,Data Scientist,Senior,9.2,In-Office,Canada,Medium (50-250),Python & SQL,142550,63108,205658,3.5,3.5
EMP-52300,Software Engineer,Entry-Level,1.3,Hybrid,Singapore,Large (250+),Java & Spring,140885,0,140885,2.3,3.4
EMP-52301,Data Engineer,Entry-Level,1.9,Fully Remote,India,Medium (50-250),Kubernetes / Go,78444,0,78444,2.6,4.2
EMP-52302,Data Engineer,Lead / Principal,11.6,Fully Remote,Singapore,Medium (50-250),AWS / Cloud,164448,33325,197773,5.0,3.5
EMP-52303,Data Scientist,Mid-Level,5.7,Hybrid,United States,Medium (50-250),Python & SQL,184283,0,184283,3.4,4.8
EMP-52304,Product Manager,Senior,6.2,Hybrid,United States,Large (250+),Python & SQL,221786,49090,270876,3.4,3.1
EMP-52305,Data Scientist,Senior,10.6,Hybrid,United Kingdom,Medium (50-250),Python & SQL,133634,31064,164698,4.1,4.0
EMP-52306,AI Research Scientist,Entry-Level,2.7,Hybrid,United States,Medium (50-250),PyTorch / TensorFlow,191320,0,191320,3.8,4.1
EMP-52307,Data Engineer,Lead / Principal,11.8,Hybrid,India,Large (250+),R & Statistics,105559,34162,139721,3.0,3.2
EMP-52308,ML Engineer,Mid-Level,5.4,In-Office,Germany,Small (<50),PyTorch / TensorFlow,116804,0,116804,3.6,3.4
EMP-52309,Data Scientist,Lead / Principal,10.2,Hybrid,France,Large (250+),Python & SQL,155867,18817,174684,3.8,3.7
EMP-52310,Data Engineer,Entry-Level,2.9,Fully Remote,United States,Medium (50-250),Kubernetes / Go,182518,21240,203758,2.9,4.0
EMP-52311,DevOps Engineer,Lead / Principal,13.2,In-Office,United Kingdom,Medium (50-250),Kubernetes / Go,152784,23042,175826,3.4,4.1
EMP-52312,Data Engineer,Entry-Level,1.6,Fully Remote,United Kingdom,Medium (50-250),PyTorch / TensorFlow,124046,0,124046,4.7,3.6
EMP-52313,Cloud Architect,Mid-Level,4.1,Hybrid,United States,Medium (50-250),AWS / Cloud,172578,0,172578,2.2,3.9
EMP-52314,BI Analyst,Senior,6.3,In-Office,United Kingdom,Medium (50-250),Python & SQL,102217,10376,112593,2.6,4.4
EMP-52315,ML Engineer,Lead / Principal,15.9,Hybrid,United States,Small (<50),PyTorch / TensorFlow,250597,81845,332442,4.1,4.4
EMP-52316,ML Engineer,Lead / Principal,10.2,Hybrid,United States,Medium (50-250),PyTorch / TensorFlow,234285,37581,271866,2.7,4.7
EMP-52317,Data Scientist,Senior,9.3,Hybrid,United States,Small (<50),Python & SQL,172029,64754,236783,3.4,2.8
EMP-52318,Data Scientist,Lead / Principal,12.7,Fully Remote,United States,Small (<50),R & Statistics,201321,43203,244524,3.8,3.0
EMP-52319,Data Scientist,Mid-Level,5.8,Fully Remote,United Kingdom,Large (250+),R & Statistics,134970,0,134970,4.5,4.5
EMP-52320,DevOps Engineer,Mid-Level,3.7,Hybrid,United States,Medium (50-250),AWS / Cloud,163749,0,163749,4.2,3.4
EMP-52321,Cloud Architect,Mid-Level,4.6,Hybrid,United States,Large (250+),Kubernetes / Go,188135,0,188135,3.1,3.7
EMP-52322,Data Engineer,Mid-Level,4.4,Hybrid,United States,Small (<50),Python & SQL,162079,57635,219714,2.9,3.8
EMP-52323,Data Scientist,Mid-Level,5.1,Fully Remote,United States,Medium (50-250),Python & SQL,171372,37792,209164,4.6,4.6
EMP-52324,Software Engineer,Senior,6.3,Hybrid,United States,Small (<50),PyTorch / TensorFlow,155150,42314,197464,2.6,3.4
EMP-52325,Product Manager,Entry-Level,1.4,Hybrid,United States,Large (250+),PyTorch / TensorFlow,167056,70592,237648,3.1,4.2
EMP-52326,Software Engineer,Senior,7.1,Hybrid,United Kingdom,Large (250+),AWS / Cloud,152703,64919,217622,3.0,4.6
EMP-52327,AI Research Scientist,Entry-Level,2.5,Hybrid,Germany,Small (<50),PyTorch / TensorFlow,143459,0,143459,4.2,4.0
EMP-52328,Cloud Architect,Mid-Level,3.6,Hybrid,Germany,Large (250+),AWS / Cloud,149907,24263,174170,3.4,4.2
EMP-52329,AI Research Scientist,Mid-Level,4.7,Hybrid,India,Small (<50),PyTorch / TensorFlow,46761,0,46761,3.7,3.2
EMP-52330,ML Engineer,Senior,7.1,Fully Remote,United States,Medium (50-250),PyTorch / TensorFlow,230533,68557,299090,5.0,4.6
EMP-52331,AI Research Scientist,Senior,10.3,In-Office,United Kingdom,Large (250+),PyTorch / TensorFlow,221241,60612,281853,2.8,3.6
EMP-52332,Data Engineer,Senior,10.7,Fully Remote,India,Large (250+),Java & Spring,83806,25151,108957,3.7,4.3
EMP-52333,Cloud Architect,Entry-Level,2.0,In-Office,United States,Large (250+),Kubernetes / Go,181017,0,181017,3.8,3.0
EMP-52334,ML Engineer,Senior,7.8,Fully Remote,Germany,Medium (50-250),PyTorch / TensorFlow,171231,17797,189028,4.4,4.3
EMP-52335,Data Scientist,Entry-Level,1.5,Fully Remote,United States,Small (<50),Python & SQL,129214,0,129214,2.8,3.4
EMP-52336,Data Scientist,Mid-Level,3.1,In-Office,United States,Small (<50),Python & SQL,145688,49338,195026,3.7,2.7
EMP-52337,Data Scientist,Mid-Level,3.8,Fully Remote,Canada,Medium (50-250),Python & SQL,116456,47363,163819,3.1,3.2
EMP-52338,ML Engineer,Entry-Level,2.3,Hybrid,United States,Large (250+),PyTorch / TensorFlow,168995,0,168995,3.5,4.0
EMP-52339,Data Scientist,Mid-Level,4.6,Hybrid,United States,Small (<50),Python & SQL,147007,35192,182199,2.8,3.2
EMP-52340,Software Engineer,Lead / Principal,15.7,In-Office,United States,Medium (50-250),Kubernetes / Go,238495,80694,319189,3.0,2.6
EMP-52341,AI Research Scientist,Lead / Principal,12.4,In-Office,United States,Medium (50-250),PyTorch / TensorFlow,270621,58417,329038,2.8,2.8
EMP-52342,AI Research Scientist,Mid-Level,5.1,Fully Remote,United States,Medium (50-250),PyTorch / TensorFlow,206152,39493,245645,3.6,3.4
EMP-52343,Data Scientist,Entry-Level,2.0,Hybrid,United Kingdom,Medium (50-250),Python & SQL,110527,0,110527,2.7,3.5
EMP-52344,Product Manager,Entry-Level,2.0,Fully Remote,Canada,Medium (50-250),Java & Spring,117672,0,117672,3.3,3.6
EMP-52345,Cloud Architect,Mid-Level,3.8,Fully Remote,Canada,Large (250+),Kubernetes / Go,164519,0,164519,3.6,3.6
EMP-52346,Cloud Architect,Lead / Principal,12.7,In-Office,United States,Small (<50),AWS / Cloud,210705,47548,258253,3.8,4.0
EMP-52347,Data Scientist,Entry-Level,1.9,Fully Remote,France,Large (250+),R & Statistics,111369,0,111369,2.9,3.7
EMP-52348,Data Engineer,Senior,9.5,Hybrid,United Kingdom,Small (<50),Java & Spring,138712,0,138712,4.0,2.5
EMP-52349,AI Research Scientist,Entry-Level,2.9,Hybrid,United States,Small (<50),PyTorch / TensorFlow,205254,0,205254,2.8,4.2
EMP-52350,Cloud Architect,Executive,16.6,Hybrid,India,Medium (50-250),AWS / Cloud,120190,0,120190,2.2,4.5
EMP-52351,Product Manager,Mid-Level,3.1,In-Office,Canada,Large (250+),R & Statistics,149597,58272,207869,2.7,3.8
EMP-52352,Data Engineer,Senior,8.5,Fully Remote,Canada,Medium (50-250),Java & Spring,167955,49038,216993,3.0,4.3
EMP-52353,DevOps Engineer,Mid-Level,4.6,Hybrid,United States,Medium (50-250),AWS / Cloud,179971,0,179971,3.0,3.9
EMP-52354,Cloud Architect,Senior,6.8,In-Office,United Kingdom,Medium (50-250),Kubernetes / Go,131267,27995,159262,3.7,3.9
EMP-52355,ML Engineer,Mid-Level,5.3,Hybrid,India,Small (<50),Python & SQL,79985,15693,95678,3.8,3.6
EMP-52356,DevOps Engineer,Entry-Level,3.0,Fully Remote,United Kingdom,Large (250+),Kubernetes / Go,132824,0,132824,3.7,3.4
EMP-52357,AI Research Scientist,Lead / Principal,15.7,Hybrid,Germany,Large (250+),Python & SQL,224812,67951,292763,2.8,3.7
EMP-52358,Data Engineer,Lead / Principal,11.2,Fully Remote,United Kingdom,Small (<50),AWS / Cloud,136079,48636,184715,2.9,4.1
EMP-52359,ML Engineer,Lead / Principal,15.3,Fully Remote,India,Medium (50-250),PyTorch / TensorFlow,98937,12716,111653,5.0,4.4
EMP-52360,AI Research Scientist,Senior,9.5,In-Office,United States,Large (250+),PyTorch / TensorFlow,269955,0,269955,3.2,3.5
EMP-52361,Data Scientist,Senior,8.3,Hybrid,United Kingdom,Medium (50-250),R & Statistics,125554,23754,149308,2.4,2.7
EMP-52362,Data Scientist,Entry-Level,2.1,In-Office,United States,Medium (50-250),Python & SQL,153752,49216,202968,2.8,4.4
EMP-52363,Data Engineer,Mid-Level,5.5,Hybrid,Germany,Small (<50),R & Statistics,114513,0,114513,3.4,3.7
EMP-52364,Data Engineer,Mid-Level,4.4,Hybrid,Canada,Medium (50-250),R & Statistics,147370,0,147370,4.3,3.3
EMP-52365,AI Research Scientist,Senior,7.9,Fully Remote,United States,Small (<50),Python & SQL,222130,43151,265281,2.8,3.3
EMP-52366,ML Engineer,Mid-Level,4.5,Hybrid,Germany,Large (250+),PyTorch / TensorFlow,145930,0,145930,4.8,4.8
EMP-52367,Data Engineer,Entry-Level,2.2,Fully Remote,United States,Medium (50-250),AWS / Cloud,167670,0,167670,4.8,4.2
EMP-52368,Data Scientist,Senior,6.9,In-Office,United States,Medium (50-250),Python & SQL,169342,31898,201240,3.6,3.8
EMP-52369,Cloud Architect,Senior,10.5,Fully Remote,United States,Large (250+),Kubernetes / Go,255772,30588,286360,4.8,4.4
EMP-52370,Cloud Architect,Mid-Level,5.0,Fully Remote,United States,Small (<50),AWS / Cloud,173577,67034,240611,2.6,4.2
EMP-52371,Software Engineer,Entry-Level,2.3,Hybrid,United States,Medium (50-250),R & Statistics,129991,43605,173596,3.4,3.7
EMP-52372,Cloud Architect,Mid-Level,3.3,Fully Remote,United States,Medium (50-250),AWS / Cloud,177895,49678,227573,3.4,4.5
EMP-52373,Data Scientist,Mid-Level,4.8,Fully Remote,Canada,Medium (50-250),Python & SQL,121732,44833,166565,3.6,4.2
EMP-52374,Cloud Architect,Mid-Level,3.4,Hybrid,Canada,Large (250+),AWS / Cloud,158220,0,158220,3.5,4.2
EMP-52375,ML Engineer,Senior,6.4,Fully Remote,United Kingdom,Large (250+),Python & SQL,179218,54238,233456,3.3,3.8
EMP-52376,Data Scientist,Senior,8.6,Fully Remote,United States,Small (<50),Python & SQL,170293,19594,189887,3.9,4.2
EMP-52377,Software Engineer,Senior,8.0,Fully Remote,Singapore,Large (250+),AWS / Cloud,146735,0,146735,3.1,3.9
EMP-52378,Data Scientist,Mid-Level,4.8,Hybrid,Germany,Medium (50-250),Python & SQL,140058,0,140058,3.6,4.4
EMP-52379,Software Engineer,Senior,6.4,Hybrid,United States,Large (250+),Kubernetes / Go,173745,44801,218546,3.4,3.8
EMP-52380,Software Engineer,Mid-Level,4.3,Hybrid,India,Medium (50-250),R & Statistics,69840,25240,95080,1.3,4.2
EMP-52381,DevOps Engineer,Mid-Level,3.5,Hybrid,United States,Medium (50-250),Kubernetes / Go,165048,55057,220105,3.5,4.0
EMP-52382,Product Manager,Senior,10.9,Fully Remote,United Kingdom,Medium (50-250),R & Statistics,144636,20346,164982,4.6,5.0
EMP-52383,Data Scientist,Mid-Level,4.7,In-Office,United Kingdom,Medium (50-250),R & Statistics,120884,0,120884,3.8,3.5
EMP-52384,Data Scientist,Entry-Level,2.4,Fully Remote,United States,Medium (50-250),R & Statistics,156868,0,156868,3.2,2.8
EMP-52385,Data Engineer,Lead / Principal,12.0,Hybrid,Australia,Small (<50),Kubernetes / Go,166073,32426,198499,4.9,4.1
EMP-52386,Data Scientist,Mid-Level,3.3,In-Office,United States,Large (250+),Python & SQL,161252,0,161252,3.2,5.0
EMP-52387,Data Engineer,Senior,10.9,Hybrid,United States,Medium (50-250),Java & Spring,224301,92307,316608,3.7,3.5
EMP-52388,Cloud Architect,Entry-Level,1.6,Fully Remote,Singapore,Large (250+),Kubernetes / Go,151366,0,151366,3.6,4.4
EMP-52389,Cloud Architect,Senior,8.1,Fully Remote,Australia,Medium (50-250),AWS / Cloud,177855,0,177855,4.9,3.3
EMP-52390,Data Scientist,Mid-Level,4.9,Hybrid,Germany,Medium (50-250),Python & SQL,135755,38449,174204,2.7,3.0
EMP-52391,ML Engineer,Entry-Level,1.0,Fully Remote,United Kingdom,Large (250+),PyTorch / TensorFlow,129230,0,129230,4.2,4.1
EMP-52392,Data Scientist,Senior,10.1,Hybrid,United States,Medium (50-250),Python & SQL,179482,47154,226636,3.3,4.1
EMP-52393,ML Engineer,Mid-Level,4.6,Hybrid,Canada,Large (250+),Python & SQL,171245,51488,222733,2.9,4.3
EMP-52394,DevOps Engineer,Mid-Level,3.8,Hybrid,United States,Large (250+),AWS / Cloud,141676,30739,172415,3.3,4.4
EMP-52395,Data Scientist,Entry-Level,1.1,Fully Remote,United States,Medium (50-250),Python & SQL,170472,0,170472,3.4,4.0
EMP-52396,ML Engineer,Entry-Level,1.3,Hybrid,United Kingdom,Medium (50-250),PyTorch / TensorFlow,130061,15728,145789,2.7,4.1
EMP-52397,AI Research Scientist,Mid-Level,5.7,Hybrid,United States,Small (<50),PyTorch / TensorFlow,212995,35598,248593,3.5,4.2
EMP-52398,Cloud Architect,Entry-Level,2.4,In-Office,United States,Medium (50-250),Kubernetes / Go,169817,0,169817,4.3,3.8
EMP-52399,Cloud Architect,Lead / Principal,11.5,Fully Remote,United States,Medium (50-250),Kubernetes / Go,237290,98825,336115,4.5,4.0
EMP-52400,Data Scientist,Entry-Level,1.1,Fully Remote,United States,Large (250+),Python & SQL,166058,0,166058,3.1,4.6
EMP-52401,AI Research Scientist,Mid-Level,5.1,Fully Remote,United States,Medium (50-250),PyTorch / TensorFlow,193985,0,193985,3.2,3.2
EMP-52402,Data Scientist,Entry-Level,2.1,Fully Remote,United States,Medium (50-250),Python & SQL,158086,0,158086,4.9,2.4
EMP-52403,Data Scientist,Mid-Level,4.2,Hybrid,United States,Medium (50-250),R & Statistics,160252,0,160252,3.5,4.8
EMP-52404,Cloud Architect,Lead / Principal,12.2,In-Office,Canada,Large (250+),Kubernetes / Go,212149,25058,237207,4.2,4.3
EMP-52405,Data Engineer,Entry-Level,1.4,Fully Remote,India,Small (<50),Python & SQL,54004,0,54004,3.8,3.9
EMP-52406,Data Scientist,Lead / Principal,14.0,In-Office,United States,Small (<50),Python & SQL,225100,40687,265787,3.5,4.7
EMP-52407,ML Engineer,Mid-Level,5.9,Fully Remote,United Kingdom,Small (<50),PyTorch / TensorFlow,125267,0,125267,5.0,3.2
EMP-52408,BI Analyst,Senior,6.9,Fully Remote,United States,Large (250+),Python & SQL,134748,35286,170034,3.2,3.4
EMP-52409,Data Scientist,Senior,9.0,Fully Remote,United States,Large (250+),Python & SQL,215278,56028,271306,4.7,3.0
EMP-52410,Cloud Architect,Lead / Principal,12.5,Fully Remote,United States,Medium (50-250),AWS / Cloud,232120,36936,269056,4.1,3.2
EMP-52411,ML Engineer,Senior,8.2,In-Office,United Kingdom,Large (250+),PyTorch / TensorFlow,189976,67537,257513,3.9,3.7
EMP-52412,Data Engineer,Senior,7.3,Fully Remote,Canada,Small (<50),AWS / Cloud,135132,17777,152909,3.9,3.4
EMP-52413,AI Research Scientist,Mid-Level,5.5,Hybrid,United Kingdom,Large (250+),Python & SQL,184758,38827,223585,2.3,2.8
EMP-52414,Data Engineer,Entry-Level,2.0,Hybrid,United States,Small (<50),Python & SQL,147796,0,147796,2.3,3.2
EMP-52415,BI Analyst,Lead / Principal,13.3,In-Office,United States,Small (<50),R & Statistics,139100,29555,168655,4.3,3.4
EMP-52416,Data Scientist,Mid-Level,3.9,Fully Remote,Canada,Small (<50),R & Statistics,135025,0,135025,4.3,3.3
EMP-52417,AI Research Scientist,Mid-Level,3.5,Fully Remote,United States,Medium (50-250),Python & SQL,216661,0,216661,5.0,3.0
EMP-52418,AI Research Scientist,Senior,6.4,Fully Remote,Canada,Large (250+),Python & SQL,210121,67271,277392,4.1,4.2
EMP-52419,Data Scientist,Mid-Level,5.1,Hybrid,United Kingdom,Medium (50-250),Python & SQL,119899,0,119899,2.6,2.7
EMP-52420,ML Engineer,Lead / Principal,11.2,Fully Remote,Canada,Large (250+),PyTorch / TensorFlow,236421,79135,315556,1.5,3.8
EMP-52421,AI Research Scientist,Senior,9.5,In-Office,Australia,Medium (50-250),Python & SQL,194000,32046,226046,2.6,3.7
EMP-52422,Software Engineer,Senior,8.0,Hybrid,Australia,Small (<50),AWS / Cloud,135454,15058,150512,1.8,3.4
EMP-52423,Data Scientist,Lead / Principal,12.5,Hybrid,United Kingdom,Medium (50-250),R & Statistics,149254,25251,174505,3.8,4.1
EMP-52424,Data Scientist,Entry-Level,1.9,Hybrid,United Kingdom,Medium (50-250),Python & SQL,109358,0,109358,4.1,4.9
EMP-52425,DevOps Engineer,Mid-Level,4.1,Fully Remote,United States,Large (250+),AWS / Cloud,170781,64269,235050,3.1,3.2
EMP-52426,ML Engineer,Mid-Level,3.3,Hybrid,Singapore,Medium (50-250),PyTorch / TensorFlow,138737,0,138737,3.7,3.8
EMP-52427,Product Manager,Mid-Level,3.9,In-Office,United States,Medium (50-250),PyTorch / TensorFlow,174108,0,174108,3.5,3.9
EMP-52428,Data Scientist,Senior,9.3,In-Office,United States,Medium (50-250),R & Statistics,214829,0,214829,4.1,4.0
EMP-52429,DevOps Engineer,Lead / Principal,14.0,In-Office,United States,Medium (50-250),AWS / Cloud,197203,39696,236899,4.1,4.0
EMP-52430,Data Engineer,Mid-Level,3.9,In-Office,United States,Large (250+),AWS / Cloud,190613,0,190613,3.9,4.3
EMP-52431,Software Engineer,Mid-Level,4.4,Fully Remote,United Kingdom,Small (<50),AWS / Cloud,119001,0,119001,3.4,4.1
EMP-52432,BI Analyst,Lead / Principal,11.2,Fully Remote,United Kingdom,Large (250+),Python & SQL,124661,14559,139220,4.0,4.6
EMP-52433,Data Scientist,Mid-Level,3.6,Fully Remote,United States,Medium (50-250),Python & SQL,169299,36259,205558,3.3,3.6
EMP-52434,BI Analyst,Mid-Level,3.1,Fully Remote,United States,Medium (50-250),Python & SQL,136246,0,136246,4.6,3.7
EMP-52435,Data Scientist,Mid-Level,5.7,Fully Remote,Singapore,Large (250+),Python & SQL,157407,34937,192344,3.9,3.8
EMP-52436,Data Scientist,Lead / Principal,11.3,Hybrid,Canada,Medium (50-250),R & Statistics,154644,42646,197290,3.5,3.2
EMP-52437,Data Scientist,Senior,7.1,Hybrid,India,Medium (50-250),R & Statistics,84475,19814,104289,1.9,4.0
EMP-52438,Data Engineer,Senior,7.4,In-Office,United States,Small (<50),Java & Spring,161198,60767,221965,3.0,2.9
EMP-52439,ML Engineer,Senior,6.6,Hybrid,Canada,Medium (50-250),PyTorch / TensorFlow,167580,61146,228726,3.5,3.9
EMP-52440,Data Engineer,Mid-Level,4.9,In-Office,United Kingdom,Large (250+),Java & Spring,175056,0,175056,2.5,2.6
EMP-52441,Data Engineer,Mid-Level,3.2,Fully Remote,United States,Medium (50-250),Java & Spring,156951,0,156951,5.0,2.3
EMP-52442,Software Engineer,Senior,6.7,Fully Remote,United States,Large (250+),R & Statistics,187213,47702,234915,4.6,3.8
EMP-52443,Software Engineer,Mid-Level,4.9,Hybrid,United States,Medium (50-250),Python & SQL,163145,0,163145,2.7,2.8
EMP-52444,Data Scientist,Senior,7.7,Fully Remote,United States,Small (<50),R & Statistics,156960,17563,174523,3.2,3.6
EMP-52445,Data Scientist,Lead / Principal,14.2,Fully Remote,France,Small (<50),Python & SQL,137016,41570,178586,2.8,4.6
EMP-52446,ML Engineer,Senior,8.8,Fully Remote,United States,Medium (50-250),Python & SQL,251343,45324,296667,3.8,4.4
EMP-52447,ML Engineer,Senior,7.3,Fully Remote,United States,Large (250+),PyTorch / TensorFlow,226834,25989,252823,4.1,3.6
EMP-52448,AI Research Scientist,Senior,9.3,Hybrid,United States,Medium (50-250),PyTorch / TensorFlow,238093,64235,302328,3.3,4.3
EMP-52449,Data Scientist,Senior,6.6,Hybrid,United States,Medium (50-250),Python & SQL,184695,61363,246058,2.4,4.5
EMP-52450,ML Engineer,Mid-Level,4.6,Hybrid,United Kingdom,Large (250+),PyTorch / TensorFlow,164256,0,164256,2.9,3.3
EMP-52451,BI Analyst,Entry-Level,1.9,Hybrid,United States,Large (250+),Python & SQL,123940,0,123940,3.0,3.8
EMP-52452,Data Engineer,Mid-Level,3.8,Fully Remote,Canada,Small (<50),Python & SQL,109004,0,109004,3.6,4.7
EMP-52453,Data Scientist,Senior,9.0,Fully Remote,United States,Large (250+),R & Statistics,221076,77504,298580,3.8,3.2
EMP-52454,Data Engineer,Mid-Level,5.6,Fully Remote,United Kingdom,Medium (50-250),Kubernetes / Go,135567,52206,187773,3.9,4.1
EMP-52455,ML Engineer,Senior,11.0,Fully Remote,Canada,Small (<50),Python & SQL,176646,77503,254149,4.9,3.6
EMP-52456,Data Scientist,Mid-Level,4.8,Hybrid,Australia,Medium (50-250),Python & SQL,151797,0,151797,3.7,3.2
EMP-52457,Data Engineer,Senior,8.0,Hybrid,India,Medium (50-250),Kubernetes / Go,70407,27019,97426,3.1,3.9
EMP-52458,Data Engineer,Mid-Level,3.7,Hybrid,United Kingdom,Medium (50-250),PyTorch / TensorFlow,137494,37171,174665,3.5,3.3
EMP-52459,Data Scientist,Senior,7.3,Fully Remote,United States,Medium (50-250),R & Statistics,199556,64440,263996,3.2,4.9
EMP-52460,BI Analyst,Senior,8.4,Hybrid,United Kingdom,Small (<50),Python & SQL,83628,37082,120710,2.8,2.7
EMP-52461,DevOps Engineer,Mid-Level,4.1,Hybrid,Canada,Large (250+),AWS / Cloud,152004,25404,177408,3.4,2.8
EMP-52462,Data Engineer,Mid-Level,5.7,Hybrid,India,Large (250+),R & Statistics,111747,45339,157086,3.5,4.3
EMP-52463,Data Engineer,Senior,7.8,Hybrid,United States,Large (250+),Java & Spring,226659,72060,298719,3.9,3.1
EMP-52464,Data Engineer,Mid-Level,4.1,Hybrid,United States,Medium (50-250),PyTorch / TensorFlow,173007,0,173007,4.2,4.5
EMP-52465,ML Engineer,Mid-Level,4.2,Hybrid,Canada,Medium (50-250),PyTorch / TensorFlow,157670,0,157670,3.2,3.2
EMP-52466,Data Scientist,Lead / Principal,15.0,Hybrid,United States,Small (<50),Python & SQL,208521,35630,244151,2.7,3.0
EMP-52467,AI Research Scientist,Senior,9.3,Fully Remote,United States,Small (<50),PyTorch / TensorFlow,221581,87055,308636,4.7,3.8
EMP-52468,Data Scientist,Lead / Principal,13.7,Hybrid,United States,Medium (50-250),Python & SQL,217555,52533,270088,2.2,3.9
EMP-52469,Data Engineer,Mid-Level,4.0,Fully Remote,United Kingdom,Medium (50-250),AWS / Cloud,137038,55968,193006,3.9,3.7
EMP-52470,ML Engineer,Mid-Level,5.5,Fully Remote,France,Large (250+),PyTorch / TensorFlow,117252,43938,161190,4.2,3.6
EMP-52471,BI Analyst,Lead / Principal,10.2,In-Office,United Kingdom,Medium (50-250),R & Statistics,116776,51489,168265,2.7,4.5
EMP-52472,DevOps Engineer,Mid-Level,5.6,In-Office,United States,Medium (50-250),Kubernetes / Go,151201,0,151201,3.0,3.8
EMP-52473,Cloud Architect,Senior,8.6,Fully Remote,United States,Medium (50-250),Kubernetes / Go,214179,26385,240564,3.3,4.1
EMP-52474,Data Engineer,Mid-Level,4.2,Hybrid,United States,Medium (50-250),R & Statistics,171084,0,171084,2.4,4.4
EMP-52475,DevOps Engineer,Mid-Level,4.5,Fully Remote,United Kingdom,Medium (50-250),Kubernetes / Go,121645,40803,162448,4.2,3.4
EMP-52476,ML Engineer,Entry-Level,2.3,Hybrid,United Kingdom,Small (<50),PyTorch / TensorFlow,120912,0,120912,3.6,3.6
EMP-52477,Software Engineer,Mid-Level,3.0,In-Office,United States,Medium (50-250),PyTorch / TensorFlow,152945,0,152945,2.9,4.2
EMP-52478,ML Engineer,Entry-Level,2.7,In-Office,Germany,Medium (50-250),PyTorch / TensorFlow,122479,35768,158247,3.5,3.8
EMP-52479,Software Engineer,Entry-Level,1.9,Hybrid,Canada,Small (<50),AWS / Cloud,103951,0,103951,3.5,3.5
EMP-52480,ML Engineer,Executive,16.7,Fully Remote,United States,Large (250+),Python & SQL,312942,140669,453611,2.5,4.2
EMP-52481,DevOps Engineer,Mid-Level,3.4,Hybrid,United States,Large (250+),AWS / Cloud,152543,20030,172573,2.8,3.8
EMP-52482,Product Manager,Senior,8.2,Fully Remote,France,Small (<50),Kubernetes / Go,145409,26991,172400,5.0,3.7
EMP-52483,ML Engineer,Senior,8.5,In-Office,United States,Small (<50),PyTorch / TensorFlow,201276,87441,288717,2.3,3.3
EMP-52484,Data Scientist,Senior,8.0,In-Office,Canada,Large (250+),Python & SQL,166159,55750,221909,2.2,3.4
EMP-52485,BI Analyst,Entry-Level,2.4,Hybrid,United States,Small (<50),Python & SQL,76368,0,76368,3.8,3.9
EMP-52486,Data Engineer,Senior,8.1,Fully Remote,Canada,Medium (50-250),R & Statistics,151906,24948,176854,3.4,4.6
EMP-52487,DevOps Engineer,Senior,10.8,Fully Remote,Canada,Small (<50),Kubernetes / Go,138828,60269,199097,2.4,4.1
EMP-52488,Data Engineer,Senior,9.0,Fully Remote,Germany,Medium (50-250),PyTorch / TensorFlow,142753,53513,196266,4.1,4.2
EMP-52489,Data Scientist,Senior,10.0,Hybrid,India,Large (250+),Python & SQL,102790,16708,119498,3.2,4.0
EMP-52490,Data Scientist,Executive,14.9,Hybrid,Singapore,Large (250+),Python & SQL,208941,87051,295992,4.4,4.0
EMP-52491,ML Engineer,Senior,8.0,Fully Remote,United Kingdom,Small (<50),PyTorch / TensorFlow,141149,47856,189005,4.3,3.0
EMP-52492,Software Engineer,Mid-Level,4.0,Hybrid,United States,Medium (50-250),PyTorch / TensorFlow,165077,0,165077,2.6,4.1
EMP-52493,Data Scientist,Senior,8.8,Hybrid,United States,Small (<50),Python & SQL,165909,37114,203023,2.6,4.2
EMP-52494,Data Engineer,Entry-Level,2.7,Fully Remote,Canada,Small (<50),Kubernetes / Go,113289,38808,152097,4.5,3.0
EMP-52495,Data Engineer,Lead / Principal,10.5,In-Office,Germany,Large (250+),Python & SQL,168649,40879,209528,3.1,4.0
EMP-52496,Data Engineer,Entry-Level,1.1,In-Office,United States,Medium (50-250),Java & Spring,137044,33080,170124,3.4,2.9
EMP-52497,DevOps Engineer,Mid-Level,5.6,In-Office,United States,Medium (50-250),AWS / Cloud,182748,50372,233120,4.6,3.4
EMP-52498,BI Analyst,Senior,7.1,Fully Remote,Germany,Large (250+),Python & SQL,101863,22716,124579,3.8,3.6
EMP-52499,Data Scientist,Senior,9.3,Fully Remote,United States,Large (250+),R & Statistics,206495,24167,230662,3.9,2.8
